name,code,ticker_yf,market
3S,060310,060310.KQ,KOSDAQ
APS,054620,054620.KQ,KOSDAQ
AP시스템,265520,265520.KQ,KOSDAQ
AP위성,211270,211270.KQ,KOSDAQ
BF랩스,139050,139050.KQ,KOSDAQ
BGF에코머티리얼즈,126600,126600.KQ,KOSDAQ
CG인바이츠,083790,083790.KQ,KOSDAQ
CJ 바이오사이언스,311690,311690.KQ,KOSDAQ
CJ프레시웨이,051500,051500.KQ,KOSDAQ
CMG제약,058820,058820.KQ,KOSDAQ
CNT85,056730,056730.KQ,KOSDAQ
CS,065770,065770.KQ,KOSDAQ
CSA 코스믹,083660,083660.KQ,KOSDAQ
DB금융스팩12호,477760,477760.KQ,KOSDAQ
DGI,099520,099520.KQ,KOSDAQ
DH오토리드,290120,290120.KQ,KOSDAQ
DH오토웨어,025440,025440.KQ,KOSDAQ
DMS,068790,068790.KQ,KOSDAQ
DSC인베스트먼트,241520,241520.KQ,KOSDAQ
DXVX,180400,180400.KQ,KOSDAQ
E8,418620,418620.KQ,KOSDAQ
EDGC,245620,245620.KQ,KOSDAQ
EG,037370,037370.KQ,KOSDAQ
ES큐브,050120,050120.KQ,KOSDAQ
FSN,214270,214270.KQ,KOSDAQ
GH신소재,130500,130500.KQ,KOSDAQ
GRT,900290,900290.KQ,KOSDAQ
GST,083450,083450.KQ,KOSDAQ
HB솔루션,297890,297890.KQ,KOSDAQ
HB인베스트먼트,440290,440290.KQ,KOSDAQ
HB테크놀러지,078150,078150.KQ,KOSDAQ
HC보광산업,225530,225530.KQ,KOSDAQ
HC홈센타,060560,060560.KQ,KOSDAQ
HEM파마,376270,376270.KQ,KOSDAQ
HLB,028300,028300.KQ,KOSDAQ
HLB바이오스텝,278650,278650.KQ,KOSDAQ
HLB생명과학,067630,067630.KQ,KOSDAQ
HLB이노베이션,024850,024850.KQ,KOSDAQ
HLB제넥스,187420,187420.KQ,KOSDAQ
HLB제약,047920,047920.KQ,KOSDAQ
HLB테라퓨틱스,115450,115450.KQ,KOSDAQ
HLB파나진,046210,046210.KQ,KOSDAQ
HLB펩,196300,196300.KQ,KOSDAQ
HRS,036640,036640.KQ,KOSDAQ
IBKS제23호스팩,467930,467930.KQ,KOSDAQ
IBKS제24호스팩,469480,469480.KQ,KOSDAQ
IBKS제25호스팩,0099X0,0099X0.KQ,KOSDAQ
JTC,950170,950170.KQ,KOSDAQ
JW신약,067290,067290.KQ,KOSDAQ
KBG,318000,318000.KQ,KOSDAQ
KBI메탈,024840,024840.KQ,KOSDAQ
KB오토시스,024120,024120.KQ,KOSDAQ
KB제27호스팩,464680,464680.KQ,KOSDAQ
KB제29호스팩,478390,478390.KQ,KOSDAQ
KB제30호스팩,486630,486630.KQ,KOSDAQ
KB제31호스팩,492220,492220.KQ,KOSDAQ
KB제32호스팩,0037T0,0037T0.KQ,KOSDAQ
KB제33호스팩,0072Z0,0072Z0.KQ,KOSDAQ
KCC건설,021320,021320.KQ,KOSDAQ
KD,044180,044180.KQ,KOSDAQ
KG모빌리언스,046440,046440.KQ,KOSDAQ
KG에코솔루션,151860,151860.KQ,KOSDAQ
KG이니시스,035600,035600.KQ,KOSDAQ
KH바텍,060720,060720.KQ,KOSDAQ
KNN,058400,058400.KQ,KOSDAQ
KS인더스트리,101000,101000.KQ,KOSDAQ
KT나스미디어,089600,089600.KQ,KOSDAQ
KT밀리의서재,418470,418470.KQ,KOSDAQ
KT지니뮤직,043610,043610.KQ,KOSDAQ
KX,122450,122450.KQ,KOSDAQ
KX하이텍,052900,052900.KQ,KOSDAQ
KZ정밀,036560,036560.KQ,KOSDAQ
LB세미콘,061970,061970.KQ,KOSDAQ
LB인베스트먼트,309960,309960.KQ,KOSDAQ
LK삼양,225190,225190.KQ,KOSDAQ
LS마린솔루션,060370,060370.KQ,KOSDAQ
LS머트리얼즈,417200,417200.KQ,KOSDAQ
LS증권,078020,078020.KQ,KOSDAQ
LS티라유텍,322180,322180.KQ,KOSDAQ
M83,476080,476080.KQ,KOSDAQ
MDS테크,086960,086960.KQ,KOSDAQ
NEW,160550,160550.KQ,KOSDAQ
NE능률,053290,053290.KQ,KOSDAQ
NHN KCP,060250,060250.KQ,KOSDAQ
NHN벅스,104200,104200.KQ,KOSDAQ
NICE인프라,063570,063570.KQ,KOSDAQ
NPX,222160,222160.KQ,KOSDAQ
PN풍년,024940,024940.KQ,KOSDAQ
PS일렉트로닉스,332570,332570.KQ,KOSDAQ
RFHIC,218410,218410.KQ,KOSDAQ
RF머트리얼즈,327260,327260.KQ,KOSDAQ
RF시스템즈,474610,474610.KQ,KOSDAQ
S&K폴리텍,091340,091340.KQ,KOSDAQ
SAMG엔터,419530,419530.KQ,KOSDAQ
SBI인베스트먼트,019550,019550.KQ,KOSDAQ
SCL사이언스,246960,246960.KQ,KOSDAQ
SDN,099220,099220.KQ,KOSDAQ
SFA반도체,036540,036540.KQ,KOSDAQ
SG,255220,255220.KQ,KOSDAQ
SG&G,040610,040610.KQ,KOSDAQ
SGA솔루션즈,184230,184230.KQ,KOSDAQ
SGC E&C,016250,016250.KQ,KOSDAQ
SKAI,357880,357880.KQ,KOSDAQ
SM C&C,048550,048550.KQ,KOSDAQ
SM Life Design,063440,063440.KQ,KOSDAQ
SV인베스트먼트,289080,289080.KQ,KOSDAQ
THE CUBE&,013720,013720.KQ,KOSDAQ
THE E&M,089230,089230.KQ,KOSDAQ
TJ미디어,032540,032540.KQ,KOSDAQ
TPC,048770,048770.KQ,KOSDAQ
TS인베스트먼트,246690,246690.KQ,KOSDAQ
TS트릴리온,317240,317240.KQ,KOSDAQ
YBM넷,057030,057030.KQ,KOSDAQ
YTN,040300,040300.KQ,KOSDAQ
YW,051390,051390.KQ,KOSDAQ
iMBC,052220,052220.KQ,KOSDAQ
가비아,079940,079940.KQ,KOSDAQ
가온그룹,078890,078890.KQ,KOSDAQ
가온칩스,399720,399720.KQ,KOSDAQ
감성코퍼레이션,036620,036620.KQ,KOSDAQ
강동씨앤엘,198440,198440.KQ,KOSDAQ
강스템바이오텍,217730,217730.KQ,KOSDAQ
강원에너지,114190,114190.KQ,KOSDAQ
갤럭시아머니트리,094480,094480.KQ,KOSDAQ
경남스틸,039240,039240.KQ,KOSDAQ
경남제약,053950,053950.KQ,KOSDAQ
경동제약,011040,011040.KQ,KOSDAQ
경창산업,024910,024910.KQ,KOSDAQ
고려신용정보,049720,049720.KQ,KOSDAQ
고려제약,014570,014570.KQ,KOSDAQ
고바이오랩,348150,348150.KQ,KOSDAQ
고스트스튜디오,950190,950190.KQ,KOSDAQ
고영,098460,098460.KQ,KOSDAQ
골드앤에스,035290,035290.KQ,KOSDAQ
골프존홀딩스,121440,121440.KQ,KOSDAQ
공구우먼,366030,366030.KQ,KOSDAQ
광무,029480,029480.KQ,KOSDAQ
광진실업,026910,026910.KQ,KOSDAQ
교보15호스팩,465320,465320.KQ,KOSDAQ
교보16호스팩,482520,482520.KQ,KOSDAQ
교보17호스팩,489210,489210.KQ,KOSDAQ
교보18호스팩,0041B0,0041B0.KQ,KOSDAQ
교보19호스팩,0098T0,0098T0.KQ,KOSDAQ
구영테크,053270,053270.KQ,KOSDAQ
국보디자인,066620,066620.KQ,KOSDAQ
국순당,043650,043650.KQ,KOSDAQ
국영지앤엠,006050,006050.KQ,KOSDAQ
국일신동,060480,060480.KQ,KOSDAQ
국일제지,078130,078130.KQ,KOSDAQ
국전약품,307750,307750.KQ,KOSDAQ
그래디언트,035080,035080.KQ,KOSDAQ
그래피,318060,318060.KQ,KOSDAQ
그리드위즈,453450,453450.KQ,KOSDAQ
그리티,204020,204020.KQ,KOSDAQ
그린광학,0015G0,0015G0.KQ,KOSDAQ
그린리소스,402490,402490.KQ,KOSDAQ
그린생명과학,114450,114450.KQ,KOSDAQ
그린플러스,186230,186230.KQ,KOSDAQ
글로벌에스엠,900070,900070.KQ,KOSDAQ
글로벌텍스프리,204620,204620.KQ,KOSDAQ
글로본,019660,019660.KQ,KOSDAQ
금강철강,053260,053260.KQ,KOSDAQ
금양그린파워,282720,282720.KQ,KOSDAQ
금화피에스시,036190,036190.KQ,KOSDAQ
기가레인,049080,049080.KQ,KOSDAQ
기가비스,420770,420770.KQ,KOSDAQ
기산텔레콤,035460,035460.KQ,KOSDAQ
꿈비,407400,407400.KQ,KOSDAQ
나노,187790,187790.KQ,KOSDAQ
나노신소재,121600,121600.KQ,KOSDAQ
나노실리칸첨단소재,286750,286750.KQ,KOSDAQ
나노씨엠에스,247660,247660.KQ,KOSDAQ
나노엔텍,039860,039860.KQ,KOSDAQ
나노캠텍,091970,091970.KQ,KOSDAQ
나노팀,417010,417010.KQ,KOSDAQ
나라셀라,405920,405920.KQ,KOSDAQ
나라스페이스테크놀로지,478340,478340.KQ,KOSDAQ
나라엠앤디,051490,051490.KQ,KOSDAQ
나래나노텍,137080,137080.KQ,KOSDAQ
나무가,190510,190510.KQ,KOSDAQ
나무기술,242040,242040.KQ,KOSDAQ
나우IB,293580,293580.KQ,KOSDAQ
나우로보틱스,459510,459510.KQ,KOSDAQ
나이벡,138610,138610.KQ,KOSDAQ
나이스디앤비,130580,130580.KQ,KOSDAQ
나이스정보통신,036800,036800.KQ,KOSDAQ
나인테크,267320,267320.KQ,KOSDAQ
남화산업,111710,111710.KQ,KOSDAQ
남화토건,091590,091590.KQ,KOSDAQ
내츄럴엔도텍,168330,168330.KQ,KOSDAQ
네오리진,094860,094860.KQ,KOSDAQ
네오셈,253590,253590.KQ,KOSDAQ
네오오토,212560,212560.KQ,KOSDAQ
네오위즈,095660,095660.KQ,KOSDAQ
네오위즈홀딩스,042420,042420.KQ,KOSDAQ
네오이뮨텍,950220,950220.KQ,KOSDAQ
네오크레마,311390,311390.KQ,KOSDAQ
네오티스,085910,085910.KQ,KOSDAQ
네오팜,092730,092730.KQ,KOSDAQ
네오펙트,290660,290660.KQ,KOSDAQ
네이블,153460,153460.KQ,KOSDAQ
네이처셀,007390,007390.KQ,KOSDAQ
네패스,033640,033640.KQ,KOSDAQ
네패스아크,330860,330860.KQ,KOSDAQ
넥사다이내믹스,351320,351320.KQ,KOSDAQ
넥스턴앤롤코리아,089140,089140.KQ,KOSDAQ
넥스트바이오메디컬,389650,389650.KQ,KOSDAQ
넥스트아이,137940,137940.KQ,KOSDAQ
넥스트칩,396270,396270.KQ,KOSDAQ
넥슨게임즈,225570,225570.KQ,KOSDAQ
넥써쓰,205500,205500.KQ,KOSDAQ
넵튠,217270,217270.KQ,KOSDAQ
노랑풍선,104620,104620.KQ,KOSDAQ
노머스,473980,473980.KQ,KOSDAQ
노바렉스,194700,194700.KQ,KOSDAQ
노바텍,285490,285490.KQ,KOSDAQ
노브랜드,145170,145170.KQ,KOSDAQ
노블엠앤비,106520,106520.KQ,KOSDAQ
노을,376930,376930.KQ,KOSDAQ
노타,486990,486990.KQ,KOSDAQ
녹십자엠에스,142280,142280.KQ,KOSDAQ
녹십자웰빙,234690,234690.KQ,KOSDAQ
농우바이오,054050,054050.KQ,KOSDAQ
누리플랜,069140,069140.KQ,KOSDAQ
누리플렉스,040160,040160.KQ,KOSDAQ
누보,332290,332290.KQ,KOSDAQ
뉴로메카,348340,348340.KQ,KOSDAQ
뉴로핏,380550,380550.KQ,KOSDAQ
뉴보텍,060260,060260.KQ,KOSDAQ
뉴엔AI,463020,463020.KQ,KOSDAQ
뉴온,123840,123840.KQ,KOSDAQ
뉴인텍,012340,012340.KQ,KOSDAQ
뉴키즈온,462310,462310.KQ,KOSDAQ
뉴트리,270870,270870.KQ,KOSDAQ
뉴파워프라즈마,144960,144960.KQ,KOSDAQ
뉴프렉스,085670,085670.KQ,KOSDAQ
다날,064260,064260.KQ,KOSDAQ
다보링크,340360,340360.KQ,KOSDAQ
다산네트웍스,039560,039560.KQ,KOSDAQ
다산디엠씨,208860,208860.KQ,KOSDAQ
다산솔루에타,154040,154040.KQ,KOSDAQ
다우데이타,032190,032190.KQ,KOSDAQ
다원넥스뷰,323350,323350.KQ,KOSDAQ
다원시스,068240,068240.KQ,KOSDAQ
닷밀,464580,464580.KQ,KOSDAQ
대동금속,020400,020400.KQ,KOSDAQ
대동기어,008830,008830.KQ,KOSDAQ
대동스틸,048470,048470.KQ,KOSDAQ
대륙제관,004780,004780.KQ,KOSDAQ
대림제지,017650,017650.KQ,KOSDAQ
대명에너지,389260,389260.KQ,KOSDAQ
대모,317850,317850.KQ,KOSDAQ
대보마그네틱,290670,290670.KQ,KOSDAQ
대봉엘에스,078140,078140.KQ,KOSDAQ
대산F&B,065150,065150.KQ,KOSDAQ
대성미생물,036480,036480.KQ,KOSDAQ
대성창투,027830,027830.KQ,KOSDAQ
대성파인텍,104040,104040.KQ,KOSDAQ
대성하이텍,129920,129920.KQ,KOSDAQ
대신밸런스제16호스팩,457630,457630.KQ,KOSDAQ
대신밸런스제17호스팩,471050,471050.KQ,KOSDAQ
대신밸런스제19호스팩,482690,482690.KQ,KOSDAQ
대신정보통신,020180,020180.KQ,KOSDAQ
대아티아이,045390,045390.KQ,KOSDAQ
대양전기공업,108380,108380.KQ,KOSDAQ
대원,007680,007680.KQ,KOSDAQ
대원미디어,048910,048910.KQ,KOSDAQ
대원산업,005710,005710.KQ,KOSDAQ
대정화금,120240,120240.KQ,KOSDAQ
대주산업,003310,003310.KQ,KOSDAQ
대주전자재료,078600,078600.KQ,KOSDAQ
대진첨단소재,393970,393970.KQ,KOSDAQ
대창솔루션,096350,096350.KQ,KOSDAQ
대창스틸,140520,140520.KQ,KOSDAQ
대한과학,131220,131220.KQ,KOSDAQ
대한광통신,010170,010170.KQ,KOSDAQ
대한뉴팜,054670,054670.KQ,KOSDAQ
대한약품,023910,023910.KQ,KOSDAQ
대호특수강,021040,021040.KQ,KOSDAQ
대호특수강우,021045,021045.KQ,KOSDAQ
대화제약,067080,067080.KQ,KOSDAQ
더네이쳐홀딩스,298540,298540.KQ,KOSDAQ
더라미,032860,032860.KQ,KOSDAQ
더블유에스아이,299170,299170.KQ,KOSDAQ
더즌,462860,462860.KQ,KOSDAQ
더코디,224060,224060.KQ,KOSDAQ
더테크놀로지,043090,043090.KQ,KOSDAQ
더핑크퐁컴퍼니,403850,403850.KQ,KOSDAQ
덕산테코피아,317330,317330.KQ,KOSDAQ
덕산하이메탈,077360,077360.KQ,KOSDAQ
덕신이피씨,090410,090410.KQ,KOSDAQ
덕양에너젠,0001A0,0001A0.KQ,KOSDAQ
덕우전자,263600,263600.KQ,KOSDAQ
데브시스터즈,194480,194480.KQ,KOSDAQ
데이원컴퍼니,373160,373160.KQ,KOSDAQ
데이타솔루션,263800,263800.KQ,KOSDAQ
덱스터,206560,206560.KQ,KOSDAQ
덴티스,261200,261200.KQ,KOSDAQ
도우인시스,484120,484120.KQ,KOSDAQ
도이치모터스,067990,067990.KQ,KOSDAQ
동구바이오제약,006620,006620.KQ,KOSDAQ
동국S&C,100130,100130.KQ,KOSDAQ
동국산업,005160,005160.KQ,KOSDAQ
동국생명과학,303810,303810.KQ,KOSDAQ
동국알앤에스,075970,075970.KQ,KOSDAQ
동방메디컬,240550,240550.KQ,KOSDAQ
동방선기,099410,099410.KQ,KOSDAQ
동성화인텍,033500,033500.KQ,KOSDAQ
동신건설,025950,025950.KQ,KOSDAQ
동아엘텍,088130,088130.KQ,KOSDAQ
동아화성,041930,041930.KQ,KOSDAQ
동양에스텍,060380,060380.KQ,KOSDAQ
동양이엔피,079960,079960.KQ,KOSDAQ
동양파일,228340,228340.KQ,KOSDAQ
동우팜투테이블,088910,088910.KQ,KOSDAQ
동운아나텍,094170,094170.KQ,KOSDAQ
동원개발,013120,013120.KQ,KOSDAQ
동일금속,109860,109860.KQ,KOSDAQ
동일기연,032960,032960.KQ,KOSDAQ
동일스틸럭스,023790,023790.KQ,KOSDAQ
동진쎄미켐,005290,005290.KQ,KOSDAQ
듀오백,073190,073190.KQ,KOSDAQ
듀켐바이오,176750,176750.KQ,KOSDAQ
드래곤플라이,030350,030350.KQ,KOSDAQ
드림시큐리티,203650,203650.KQ,KOSDAQ
드림씨아이에스,223250,223250.KQ,KOSDAQ
드림어스컴퍼니,060570,060570.KQ,KOSDAQ
드림인사이트,362990,362990.KQ,KOSDAQ
디모아,016670,016670.KQ,KOSDAQ
디바이스,187870,187870.KQ,KOSDAQ
디비금융제13호스팩,489730,489730.KQ,KOSDAQ
디비금융제14호스팩,0004Y0,0004Y0.KQ,KOSDAQ
디아이티,110990,110990.KQ,KOSDAQ
디알젬,263690,263690.KQ,KOSDAQ
디알텍,214680,214680.KQ,KOSDAQ
디앤디파마텍,347850,347850.KQ,KOSDAQ
디앤씨미디어,263720,263720.KQ,KOSDAQ
디어유,376300,376300.KQ,KOSDAQ
디에스케이,109740,109740.KQ,KOSDAQ
디에이치엑스컴퍼니,031860,031860.KQ,KOSDAQ
디에이테크놀로지,196490,196490.KQ,KOSDAQ
디에이피,066900,066900.KQ,KOSDAQ
디엔에프,092070,092070.KQ,KOSDAQ
디오,039840,039840.KQ,KOSDAQ
디와이디,219550,219550.KQ,KOSDAQ
디와이씨,310870,310870.KQ,KOSDAQ
디와이피엔에프,104460,104460.KQ,KOSDAQ
디이엔티,079810,079810.KQ,KOSDAQ
디젠스,113810,113810.KQ,KOSDAQ
디지아이,043360,043360.KQ,KOSDAQ
디지캡,197140,197140.KQ,KOSDAQ
디지털대성,068930,068930.KQ,KOSDAQ
디지틀조선,033130,033130.KQ,KOSDAQ
디케이락,105740,105740.KQ,KOSDAQ
디케이앤디,263020,263020.KQ,KOSDAQ
디케이티,290550,290550.KQ,KOSDAQ
디티씨,066670,066670.KQ,KOSDAQ
디티앤씨,187220,187220.KQ,KOSDAQ
디티앤씨알오,383930,383930.KQ,KOSDAQ
딜리,131180,131180.KQ,KOSDAQ
딥노이드,315640,315640.KQ,KOSDAQ
라닉스,317120,317120.KQ,KOSDAQ
라메디텍,462510,462510.KQ,KOSDAQ
라온로보틱스,232680,232680.KQ,KOSDAQ
라온시큐어,042510,042510.KQ,KOSDAQ
라온텍,418420,418420.KQ,KOSDAQ
라온피플,300120,300120.KQ,KOSDAQ
라이온켐텍,171120,171120.KQ,KOSDAQ
라이콤,388790,388790.KQ,KOSDAQ
라파스,214260,214260.KQ,KOSDAQ
램테크놀러지,171010,171010.KQ,KOSDAQ
랩지노믹스,084650,084650.KQ,KOSDAQ
러셀,217500,217500.KQ,KOSDAQ
레드캡투어,038390,038390.KQ,KOSDAQ
레몬,294140,294140.KQ,KOSDAQ
레뷰코퍼레이션,443250,443250.KQ,KOSDAQ
레이,228670,228670.KQ,KOSDAQ
레이언스,228850,228850.KQ,KOSDAQ
레이저쎌,412350,412350.KQ,KOSDAQ
레이저옵텍,199550,199550.KQ,KOSDAQ
레이크머티리얼즈,281740,281740.KQ,KOSDAQ
레인보우로보틱스,277810,277810.KQ,KOSDAQ
로보로보,215100,215100.KQ,KOSDAQ
로보스타,090360,090360.KQ,KOSDAQ
로보티즈,108490,108490.KQ,KOSDAQ
로스웰,900260,900260.KQ,KOSDAQ
로젠,033290,033290.KQ,KOSDAQ
로지시스,067730,067730.KQ,KOSDAQ
로체시스템즈,071280,071280.KQ,KOSDAQ
로킷헬스케어,376900,376900.KQ,KOSDAQ
롤링스톤,214610,214610.KQ,KOSDAQ
루닛,328130,328130.KQ,KOSDAQ
루멘스,038060,038060.KQ,KOSDAQ
루미르,474170,474170.KQ,KOSDAQ
리더스코스메틱,016100,016100.KQ,KOSDAQ
리드코프,012700,012700.KQ,KOSDAQ
리메드,302550,302550.KQ,KOSDAQ
리브스메드,491000,491000.KQ,KOSDAQ
리튬포어스,073570,073570.KQ,KOSDAQ
리파인,377450,377450.KQ,KOSDAQ
린드먼아시아,277070,277070.KQ,KOSDAQ
링네트,042500,042500.KQ,KOSDAQ
링크드,193250,193250.KQ,KOSDAQ
링크솔루션,474650,474650.KQ,KOSDAQ
링크제니시스,219420,219420.KQ,KOSDAQ
마녀공장,439090,439090.KQ,KOSDAQ
마니커에프앤지,195500,195500.KQ,KOSDAQ
마음AI,377480,377480.KQ,KOSDAQ
마이크로디지탈,305090,305090.KQ,KOSDAQ
마이크로컨텍솔,098120,098120.KQ,KOSDAQ
마이크로투나노,424980,424980.KQ,KOSDAQ
마크로젠,038290,038290.KQ,KOSDAQ
매일유업,267980,267980.KQ,KOSDAQ
매일홀딩스,005990,005990.KQ,KOSDAQ
매커스,093520,093520.KQ,KOSDAQ
머큐리,100590,100590.KQ,KOSDAQ
멀티캠퍼스,067280,067280.KQ,KOSDAQ
메가스터디,072870,072870.KQ,KOSDAQ
메가엠디,133750,133750.KQ,KOSDAQ
메가터치,446540,446540.KQ,KOSDAQ
메드팩토,235980,235980.KQ,KOSDAQ
메디아나,041920,041920.KQ,KOSDAQ
메디앙스,014100,014100.KQ,KOSDAQ
메디콕스,054180,054180.KQ,KOSDAQ
메디톡스,086900,086900.KQ,KOSDAQ
메디포스트,078160,078160.KQ,KOSDAQ
메리츠제1호스팩,0088D0,0088D0.KQ,KOSDAQ
메쎄이상,408920,408920.KQ,KOSDAQ
메이슨캐피탈,021880,021880.KQ,KOSDAQ
메지온,140410,140410.KQ,KOSDAQ
메카로,241770,241770.KQ,KOSDAQ
메타바이오메드,059210,059210.KQ,KOSDAQ
멕아이씨에스,058110,058110.KQ,KOSDAQ
멤레이비티,072770,072770.KQ,KOSDAQ
모니터랩,434480,434480.KQ,KOSDAQ
모다이노칩,080420,080420.KQ,KOSDAQ
모델솔루션,417970,417970.KQ,KOSDAQ
모두투어,080160,080160.KQ,KOSDAQ
모바일어플라이언스,087260,087260.KQ,KOSDAQ
모베이스,101330,101330.KQ,KOSDAQ
모베이스전자,012860,012860.KQ,KOSDAQ
모비데이즈,363260,363260.KQ,KOSDAQ
모비릭스,348030,348030.KQ,KOSDAQ
모비스,250060,250060.KQ,KOSDAQ
모아데이타,288980,288980.KQ,KOSDAQ
모아라이프플러스,142760,142760.KQ,KOSDAQ
모아텍,033200,033200.KQ,KOSDAQ
모코엠시스,333050,333050.KQ,KOSDAQ
모트렉스,118990,118990.KQ,KOSDAQ
모티브링크,463480,463480.KQ,KOSDAQ
모헨즈,006920,006920.KQ,KOSDAQ
무림SP,001810,001810.KQ,KOSDAQ
미디어젠,279600,279600.KQ,KOSDAQ
미래나노텍,095500,095500.KQ,KOSDAQ
미래반도체,254490,254490.KQ,KOSDAQ
미래생명자원,218150,218150.KQ,KOSDAQ
미래에셋벤처투자,100790,100790.KQ,KOSDAQ
미래에셋비전스팩10호,0097F0,0097F0.KQ,KOSDAQ
미래에셋비전스팩11호,0099W0,0099W0.KQ,KOSDAQ
미래에셋비전스팩4호,477380,477380.KQ,KOSDAQ
미래에셋비전스팩5호,477470,477470.KQ,KOSDAQ
미래에셋비전스팩6호,478440,478440.KQ,KOSDAQ
미래에셋비전스팩7호,482680,482680.KQ,KOSDAQ
미래에셋비전스팩8호,0093G0,0093G0.KQ,KOSDAQ
미래에셋비전스팩9호,0096D0,0096D0.KQ,KOSDAQ
미래컴퍼니,049950,049950.KQ,KOSDAQ
미스터블루,207760,207760.KQ,KOSDAQ
미코,059090,059090.KQ,KOSDAQ
미투온,201490,201490.KQ,KOSDAQ
미트박스,475460,475460.KQ,KOSDAQ
민테크,452200,452200.KQ,KOSDAQ
바디텍메드,206640,206640.KQ,KOSDAQ
바른손,018700,018700.KQ,KOSDAQ
바른손이앤에이,035620,035620.KQ,KOSDAQ
바이넥스,053030,053030.KQ,KOSDAQ
바이브컴퍼니,301300,301300.KQ,KOSDAQ
바이오니아,064550,064550.KQ,KOSDAQ
바이오다인,314930,314930.KQ,KOSDAQ
바이오비쥬,489460,489460.KQ,KOSDAQ
바이오솔루션,086820,086820.KQ,KOSDAQ
바이오스마트,038460,038460.KQ,KOSDAQ
바이오에프디엔씨,251120,251120.KQ,KOSDAQ
바이오인프라,199730,199730.KQ,KOSDAQ
바이오톡스텍,086040,086040.KQ,KOSDAQ
바이오포트,188040,188040.KQ,KOSDAQ
바이오플러스,099430,099430.KQ,KOSDAQ
바이온,032980,032980.KQ,KOSDAQ
바이젠셀,308080,308080.KQ,KOSDAQ
바텍,043150,043150.KQ,KOSDAQ
박셀바이오,323990,323990.KQ,KOSDAQ
배럴,267790,267790.KQ,KOSDAQ
백금T&A,046310,046310.KQ,KOSDAQ
밸로프,331520,331520.KQ,KOSDAQ
뱅크웨어글로벌,199480,199480.KQ,KOSDAQ
버넥트,438700,438700.KQ,KOSDAQ
버킷스튜디오,066410,066410.KQ,KOSDAQ
범한퓨얼셀,382900,382900.KQ,KOSDAQ
베노티앤알,206400,206400.KQ,KOSDAQ
베뉴지,019010,019010.KQ,KOSDAQ
베셀,177350,177350.KQ,KOSDAQ
벡트,457600,457600.KQ,KOSDAQ
벨로크,424760,424760.KQ,KOSDAQ
보라티알,250000,250000.KQ,KOSDAQ
보로노이,310210,310210.KQ,KOSDAQ
보성파워텍,006910,006910.KQ,KOSDAQ
본느,226340,226340.KQ,KOSDAQ
부방,014470,014470.KQ,KOSDAQ
부스타,008470,008470.KQ,KOSDAQ
뷰노,338220,338220.KQ,KOSDAQ
뷰웍스,100120,100120.KQ,KOSDAQ
뷰티스킨,406820,406820.KQ,KOSDAQ
브레인즈컴퍼니,099390,099390.KQ,KOSDAQ
브리지텍,064480,064480.KQ,KOSDAQ
브이씨,365900,365900.KQ,KOSDAQ
브이엠,089970,089970.KQ,KOSDAQ
브이원텍,251630,251630.KQ,KOSDAQ
브이티,018290,018290.KQ,KOSDAQ
블랙야크아이앤씨,478560,478560.KQ,KOSDAQ
블루엠텍,439580,439580.KQ,KOSDAQ
블루콤,033560,033560.KQ,KOSDAQ
블리츠웨이엔터테인먼트,369370,369370.KQ,KOSDAQ
비나텍,126340,126340.KQ,KOSDAQ
비덴트,121800,121800.KQ,KOSDAQ
비보존 제약,082800,082800.KQ,KOSDAQ
비비씨,318410,318410.KQ,KOSDAQ
비스토스,419540,419540.KQ,KOSDAQ
비씨엔씨,146320,146320.KQ,KOSDAQ
비씨월드제약,200780,200780.KQ,KOSDAQ
비아이매트릭스,413640,413640.KQ,KOSDAQ
비아트론,141000,141000.KQ,KOSDAQ
비에이치아이,083650,083650.KQ,KOSDAQ
비엔케이제2호스팩,473370,473370.KQ,KOSDAQ
비엔케이제3호스팩,0068Y0,0068Y0.KQ,KOSDAQ
비엘팜텍,065170,065170.KQ,KOSDAQ
비엠티,086670,086670.KQ,KOSDAQ
비유테크놀러지,230980,230980.KQ,KOSDAQ
비츠로넥스텍,488900,488900.KQ,KOSDAQ
비츠로셀,082920,082920.KQ,KOSDAQ
비츠로시스,054220,054220.KQ,KOSDAQ
비츠로테크,042370,042370.KQ,KOSDAQ
비케이홀딩스,050090,050090.KQ,KOSDAQ
비큐AI,148780,148780.KQ,KOSDAQ
비투엔,307870,307870.KQ,KOSDAQ
비트맥스,377030,377030.KQ,KOSDAQ
비트컴퓨터,032850,032850.KQ,KOSDAQ
비트플래닛,049470,049470.KQ,KOSDAQ
비피도,238200,238200.KQ,KOSDAQ
빅솔론,093190,093190.KQ,KOSDAQ
빅텍,065450,065450.KQ,KOSDAQ
빌리언스,044480,044480.KQ,KOSDAQ
빛과전자,069540,069540.KQ,KOSDAQ
빛샘전자,072950,072950.KQ,KOSDAQ
삐아,451250,451250.KQ,KOSDAQ
사람인,143240,143240.KQ,KOSDAQ
사이냅소프트,466410,466410.KQ,KOSDAQ
사토시홀딩스,223310,223310.KQ,KOSDAQ
사피엔반도체,452430,452430.KQ,KOSDAQ
산돌,419120,419120.KQ,KOSDAQ
삼기,122350,122350.KQ,KOSDAQ
삼기에너지솔루션즈,419050,419050.KQ,KOSDAQ
삼륭물산,014970,014970.KQ,KOSDAQ
삼목에스폼,018310,018310.KQ,KOSDAQ
삼미금속,012210,012210.KQ,KOSDAQ
삼보모터스,053700,053700.KQ,KOSDAQ
삼보산업,009620,009620.KQ,KOSDAQ
삼보판지,023600,023600.KQ,KOSDAQ
삼성스팩10호,0044K0,0044K0.KQ,KOSDAQ
삼성스팩11호,0071M0,0071M0.KQ,KOSDAQ
삼성스팩12호,0096B0,0096B0.KQ,KOSDAQ
삼성스팩13호,0115H0,0115H0.KQ,KOSDAQ
삼아제약,009300,009300.KQ,KOSDAQ
삼양엔씨켐,482630,482630.KQ,KOSDAQ
삼양컴텍,484590,484590.KQ,KOSDAQ
삼양케이씨아이,036670,036670.KQ,KOSDAQ
삼영에스앤씨,361670,361670.KQ,KOSDAQ
삼영엠텍,054540,054540.KQ,KOSDAQ
삼영이엔씨,065570,065570.KQ,KOSDAQ
삼익제약,014950,014950.KQ,KOSDAQ
삼일,032280,032280.KQ,KOSDAQ
삼일기업공사,002290,002290.KQ,KOSDAQ
삼지전자,037460,037460.KQ,KOSDAQ
삼진,032750,032750.KQ,KOSDAQ
삼진식품,0013V0,0013V0.KQ,KOSDAQ
삼진엘앤디,054090,054090.KQ,KOSDAQ
삼천당제약,000250,000250.KQ,KOSDAQ
삼천리자전거,024950,024950.KQ,KOSDAQ
삼표시멘트,038500,038500.KQ,KOSDAQ
삼현,437730,437730.KQ,KOSDAQ
삼현철강,017480,017480.KQ,KOSDAQ
삼화네트웍스,046390,046390.KQ,KOSDAQ
상보,027580,027580.KQ,KOSDAQ
상상인,038540,038540.KQ,KOSDAQ
상상인제4호스팩,452670,452670.KQ,KOSDAQ
상신이디피,091580,091580.KQ,KOSDAQ
상신전자,263810,263810.KQ,KOSDAQ
상아프론테크,089980,089980.KQ,KOSDAQ
상지건설,042940,042940.KQ,KOSDAQ
새로닉스,042600,042600.KQ,KOSDAQ
새빗켐,107600,107600.KQ,KOSDAQ
샌즈랩,411080,411080.KQ,KOSDAQ
샘씨엔에스,252990,252990.KQ,KOSDAQ
샤페론,378800,378800.KQ,KOSDAQ
서남,294630,294630.KQ,KOSDAQ
서린바이오,038070,038070.KQ,KOSDAQ
서부T&D,006730,006730.KQ,KOSDAQ
서산,079650,079650.KQ,KOSDAQ
서암기계공업,100660,100660.KQ,KOSDAQ
서연탑메탈,019770,019770.KQ,KOSDAQ
서울리거,043710,043710.KQ,KOSDAQ
서울바이오시스,092190,092190.KQ,KOSDAQ
서울옥션,063170,063170.KQ,KOSDAQ
서울전자통신,027040,027040.KQ,KOSDAQ
서울제약,018680,018680.KQ,KOSDAQ
서울평가정보,036120,036120.KQ,KOSDAQ
서원인텍,093920,093920.KQ,KOSDAQ
서전기전,189860,189860.KQ,KOSDAQ
서진시스템,178320,178320.KQ,KOSDAQ
서진오토모티브,122690,122690.KQ,KOSDAQ
서플러스글로벌,140070,140070.KQ,KOSDAQ
서한,011370,011370.KQ,KOSDAQ
서호전기,065710,065710.KQ,KOSDAQ
서희건설,035890,035890.KQ,KOSDAQ
석경에이티,357550,357550.KQ,KOSDAQ
선광,003100,003100.KQ,KOSDAQ
선바이오,067370,067370.KQ,KOSDAQ
선샤인푸드,217620,217620.KQ,KOSDAQ
선익시스템,171090,171090.KQ,KOSDAQ
선진뷰티사이언스,086710,086710.KQ,KOSDAQ
성광벤드,014620,014620.KQ,KOSDAQ
성도이엔지,037350,037350.KQ,KOSDAQ
성우,458650,458650.KQ,KOSDAQ
성우전자,081580,081580.KQ,KOSDAQ
성우테크론,045300,045300.KQ,KOSDAQ
성우하이텍,015750,015750.KQ,KOSDAQ
성일하이텍,365340,365340.KQ,KOSDAQ
성창오토텍,080470,080470.KQ,KOSDAQ
성호전자,043260,043260.KQ,KOSDAQ
세경하이테크,148150,148150.KQ,KOSDAQ
세나테크놀로지,061090,061090.KQ,KOSDAQ
세니젠,188260,188260.KQ,KOSDAQ
세동,053060,053060.KQ,KOSDAQ
세림B&G,340440,340440.KQ,KOSDAQ
세명전기,017510,017510.KQ,KOSDAQ
세미파이브,490470,490470.KQ,KOSDAQ
세보엠이씨,011560,011560.KQ,KOSDAQ
세아메카닉스,396300,396300.KQ,KOSDAQ
세운메디칼,100700,100700.KQ,KOSDAQ
세원물산,024830,024830.KQ,KOSDAQ
세종메디칼,258830,258830.KQ,KOSDAQ
세종텔레콤,036630,036630.KQ,KOSDAQ
세중,039310,039310.KQ,KOSDAQ
세진티에스,067770,067770.KQ,KOSDAQ
세코닉스,053450,053450.KQ,KOSDAQ
세화피앤씨,252500,252500.KQ,KOSDAQ
센서뷰,321370,321370.KQ,KOSDAQ
센코,347000,347000.KQ,KOSDAQ
셀레믹스,331920,331920.KQ,KOSDAQ
셀레스트라,352770,352770.KQ,KOSDAQ
셀로맥스사이언스,471820,471820.KQ,KOSDAQ
셀루메드,049180,049180.KQ,KOSDAQ
셀리드,299660,299660.KQ,KOSDAQ
셀바스AI,108860,108860.KQ,KOSDAQ
셀바스헬스케어,208370,208370.KQ,KOSDAQ
셀바이오휴먼텍,318160,318160.KQ,KOSDAQ
셀비온,308430,308430.KQ,KOSDAQ
셀트리온제약,068760,068760.KQ,KOSDAQ
셀피글로벌,068940,068940.KQ,KOSDAQ
소노스퀘어,007720,007720.KQ,KOSDAQ
소룩스,290690,290690.KQ,KOSDAQ
소마젠,950200,950200.KQ,KOSDAQ
소프트센,032680,032680.KQ,KOSDAQ
소프트센우,032685,032685.KQ,KOSDAQ
소프트캠프,258790,258790.KQ,KOSDAQ
손오공,066910,066910.KQ,KOSDAQ
솔디펜스,215090,215090.KQ,KOSDAQ
솔본,035610,035610.KQ,KOSDAQ
솔트룩스,304100,304100.KQ,KOSDAQ
솔트웨어,328380,328380.KQ,KOSDAQ
쇼박스,086980,086980.KQ,KOSDAQ
수산아이앤티,050960,050960.KQ,KOSDAQ
수성웹툰,084180,084180.KQ,KOSDAQ
수젠텍,253840,253840.KQ,KOSDAQ
슈어소프트테크,298830,298830.KQ,KOSDAQ
슈프리마,236200,236200.KQ,KOSDAQ
슈프리마에이치큐,094840,094840.KQ,KOSDAQ
슈피겐코리아,192440,192440.KQ,KOSDAQ
스마트레이더시스템,424960,424960.KQ,KOSDAQ
스맥,099440,099440.KQ,KOSDAQ
스코넥,276040,276040.KQ,KOSDAQ
스타코링크,060240,060240.KQ,KOSDAQ
스타플렉스,115570,115570.KQ,KOSDAQ
스테이지원엔터,078860,078860.KQ,KOSDAQ
스톤브릿지벤처스,330730,330730.KQ,KOSDAQ
스톰테크,352090,352090.KQ,KOSDAQ
스튜디오미르,408900,408900.KQ,KOSDAQ
스튜디오삼익,415380,415380.KQ,KOSDAQ
스페코,013810,013810.KQ,KOSDAQ
스피어,347700,347700.KQ,KOSDAQ
승일,049830,049830.KQ,KOSDAQ
시공테크,020710,020710.KQ,KOSDAQ
시그네틱스,033170,033170.KQ,KOSDAQ
시너지이노베이션,048870,048870.KQ,KOSDAQ
시노펙스,025320,025320.KQ,KOSDAQ
시선AI,340810,340810.KQ,KOSDAQ
시스웍,269620,269620.KQ,KOSDAQ
시지메드텍,056090,056090.KQ,KOSDAQ
시지트로닉스,429270,429270.KQ,KOSDAQ
시큐레터,418250,418250.KQ,KOSDAQ
시큐브,131090,131090.KQ,KOSDAQ
신도기연,290520,290520.KQ,KOSDAQ
신라섬유,001000,001000.KQ,KOSDAQ
신라에스지,025870,025870.KQ,KOSDAQ
신라젠,215600,215600.KQ,KOSDAQ
신성델타테크,065350,065350.KQ,KOSDAQ
신성에스티,416180,416180.KQ,KOSDAQ
신스틸,162300,162300.KQ,KOSDAQ
신신제약,002800,002800.KQ,KOSDAQ
신영스팩10호,472220,472220.KQ,KOSDAQ
신영스팩11호,0091W0,0091W0.KQ,KOSDAQ
신원종합개발,017000,017000.KQ,KOSDAQ
신일제약,012790,012790.KQ,KOSDAQ
신진에스엠,138070,138070.KQ,KOSDAQ
신테카바이오,226330,226330.KQ,KOSDAQ
신한제11호스팩,452980,452980.KQ,KOSDAQ
신한제12호스팩,474660,474660.KQ,KOSDAQ
신한제13호스팩,474930,474930.KQ,KOSDAQ
신한제14호스팩,487360,487360.KQ,KOSDAQ
신한제15호스팩,487830,487830.KQ,KOSDAQ
신한제16호스팩,496070,496070.KQ,KOSDAQ
신화인터텍,056700,056700.KQ,KOSDAQ
신화콘텍,187270,187270.KQ,KOSDAQ
신흥에스이씨,243840,243840.KQ,KOSDAQ
실리콘투,257720,257720.KQ,KOSDAQ
심텍홀딩스,036710,036710.KQ,KOSDAQ
심플랫폼,444530,444530.KQ,KOSDAQ
싸이닉솔루션,234030,234030.KQ,KOSDAQ
싸이맥스,160980,160980.KQ,KOSDAQ
싸이버원,356890,356890.KQ,KOSDAQ
싸이토젠,217330,217330.KQ,KOSDAQ
썸에이지,208640,208640.KQ,KOSDAQ
쎄노텍,222420,222420.KQ,KOSDAQ
쎄니트,037760,037760.KQ,KOSDAQ
쎄크,081180,081180.KQ,KOSDAQ
쎄트렉아이,099320,099320.KQ,KOSDAQ
쎌바이오텍,049960,049960.KQ,KOSDAQ
쏘닉스,088280,088280.KQ,KOSDAQ
쏠리드,050890,050890.KQ,KOSDAQ
쓰리빌리언,394800,394800.KQ,KOSDAQ
쓰리에이로직스,177900,177900.KQ,KOSDAQ
씨메스,475400,475400.KQ,KOSDAQ
씨싸이트,109670,109670.KQ,KOSDAQ
씨씨에스,066790,066790.KQ,KOSDAQ
씨앤씨인터내셔널,352480,352480.KQ,KOSDAQ
씨앤지하이테크,264660,264660.KQ,KOSDAQ
씨앤투스,352700,352700.KQ,KOSDAQ
씨어스테크놀로지,458870,458870.KQ,KOSDAQ
씨에스베어링,297090,297090.KQ,KOSDAQ
씨엑스아이,900120,900120.KQ,KOSDAQ
씨엔알리서치,359090,359090.KQ,KOSDAQ
씨엔플러스,115530,115530.KQ,KOSDAQ
씨엠티엑스,388210,388210.KQ,KOSDAQ
씨유메디칼,115480,115480.KQ,KOSDAQ
씨유테크,376290,376290.KQ,KOSDAQ
씨이랩,189330,189330.KQ,KOSDAQ
씨젠,096530,096530.KQ,KOSDAQ
씨큐브,101240,101240.KQ,KOSDAQ
씨티씨바이오,060590,060590.KQ,KOSDAQ
씨티케이,260930,260930.KQ,KOSDAQ
씨피시스템,413630,413630.KQ,KOSDAQ
아가방컴퍼니,013990,013990.KQ,KOSDAQ
아나패스,123860,123860.KQ,KOSDAQ
아난티,025980,025980.KQ,KOSDAQ
아로마티카,0015N0,0015N0.KQ,KOSDAQ
아모그린텍,125210,125210.KQ,KOSDAQ
아모센스,357580,357580.KQ,KOSDAQ
아모텍,052710,052710.KQ,KOSDAQ
아미노로직스,074430,074430.KQ,KOSDAQ
아미코젠,092040,092040.KQ,KOSDAQ
아바코,083930,083930.KQ,KOSDAQ
아바텍,149950,149950.KQ,KOSDAQ
아비코전자,036010,036010.KQ,KOSDAQ
아세아텍,050860,050860.KQ,KOSDAQ
아셈스,136410,136410.KQ,KOSDAQ
아스타,246720,246720.KQ,KOSDAQ
아스테라시스,450950,450950.KQ,KOSDAQ
아스트,067390,067390.KQ,KOSDAQ
아스플로,159010,159010.KQ,KOSDAQ
아시아경제,127710,127710.KQ,KOSDAQ
아시아종묘,154030,154030.KQ,KOSDAQ
아우딘퓨쳐스,227610,227610.KQ,KOSDAQ
아우토크립트,331740,331740.KQ,KOSDAQ
아이디스,143160,143160.KQ,KOSDAQ
아이디스홀딩스,054800,054800.KQ,KOSDAQ
아이디피,332370,332370.KQ,KOSDAQ
아이로보틱스,066430,066430.KQ,KOSDAQ
아이비김영,339950,339950.KQ,KOSDAQ
아이비젼웍스,469750,469750.KQ,KOSDAQ
아이빔테크놀로지,460470,460470.KQ,KOSDAQ
아이센스,099190,099190.KQ,KOSDAQ
아이스크림미디어,461300,461300.KQ,KOSDAQ
아이스크림에듀,289010,289010.KQ,KOSDAQ
아이쓰리시스템,214430,214430.KQ,KOSDAQ
아이씨디,040910,040910.KQ,KOSDAQ
아이씨에이치,368600,368600.KQ,KOSDAQ
아이씨티케이,456010,456010.KQ,KOSDAQ
아이앤씨,052860,052860.KQ,KOSDAQ
아이언디바이스,464500,464500.KQ,KOSDAQ
아이에스티이,212710,212710.KQ,KOSDAQ
아이에이,038880,038880.KQ,KOSDAQ
아이엘,307180,307180.KQ,KOSDAQ
아이엠,101390,101390.KQ,KOSDAQ
아이엠바이오로직스,493280,493280.KQ,KOSDAQ
아이엠비디엑스,461030,461030.KQ,KOSDAQ
아이엠티,451220,451220.KQ,KOSDAQ
아이윈,090150,090150.KQ,KOSDAQ
아이즈비전,031310,031310.KQ,KOSDAQ
아이지넷,462980,462980.KQ,KOSDAQ
아이진,185490,185490.KQ,KOSDAQ
아이컴포넌트,059100,059100.KQ,KOSDAQ
아이퀘스트,262840,262840.KQ,KOSDAQ
아이큐어,175250,175250.KQ,KOSDAQ
아이크래프트,052460,052460.KQ,KOSDAQ
아이텍,119830,119830.KQ,KOSDAQ
아이톡시,052770,052770.KQ,KOSDAQ
아이티센글로벌,124500,124500.KQ,KOSDAQ
아이티센엔텍,010280,010280.KQ,KOSDAQ
아이티센피엔에스,232830,232830.KQ,KOSDAQ
아이티아이즈,372800,372800.KQ,KOSDAQ
아이티켐,309710,309710.KQ,KOSDAQ
아이패밀리에스씨,114840,114840.KQ,KOSDAQ
아주IB투자,027360,027360.KQ,KOSDAQ
아즈텍WB,032080,032080.KQ,KOSDAQ
아진산업,013310,013310.KQ,KOSDAQ
아진엑스텍,059120,059120.KQ,KOSDAQ
아크릴,0007C0,0007C0.KQ,KOSDAQ
아크솔루션스,203690,203690.KQ,KOSDAQ
아톤,158430,158430.KQ,KOSDAQ
아티스트스튜디오,200350,200350.KQ,KOSDAQ
아티스트컴퍼니,321820,321820.KQ,KOSDAQ
안국약품,001540,001540.KQ,KOSDAQ
안랩,053800,053800.KQ,KOSDAQ
안트로젠,065660,065660.KQ,KOSDAQ
알로이스,297570,297570.KQ,KOSDAQ
알리코제약,260660,260660.KQ,KOSDAQ
알멕,354320,354320.KQ,KOSDAQ
알비더블유,361570,361570.KQ,KOSDAQ
알서포트,131370,131370.KQ,KOSDAQ
알에스오토메이션,140670,140670.KQ,KOSDAQ
알에프세미,096610,096610.KQ,KOSDAQ
알에프텍,061040,061040.KQ,KOSDAQ
알엔투테크놀로지,148250,148250.KQ,KOSDAQ
알엔티엑스,123010,123010.KQ,KOSDAQ
알지노믹스,476830,476830.KQ,KOSDAQ
알체라,347860,347860.KQ,KOSDAQ
알톤,123750,123750.KQ,KOSDAQ
알트,459550,459550.KQ,KOSDAQ
알티캐스트,085810,085810.KQ,KOSDAQ
알파AI,043100,043100.KQ,KOSDAQ
알파칩스,117670,117670.KQ,KOSDAQ
알피바이오,314140,314140.KQ,KOSDAQ
압타머사이언스,291650,291650.KQ,KOSDAQ
압타바이오,293780,293780.KQ,KOSDAQ
애니플러스,310200,310200.KQ,KOSDAQ
애드바이오텍,179530,179530.KQ,KOSDAQ
애드포러스,397810,397810.KQ,KOSDAQ
애머릿지,900100,900100.KQ,KOSDAQ
액스비스,0011A0,0011A0.KQ,KOSDAQ
액토즈소프트,052790,052790.KQ,KOSDAQ
액트로,290740,290740.KQ,KOSDAQ
앤디포스,238090,238090.KQ,KOSDAQ
앤로보틱스,138360,138360.KQ,KOSDAQ
앤씨앤,092600,092600.KQ,KOSDAQ
앱코,129890,129890.KQ,KOSDAQ
앱클론,174900,174900.KQ,KOSDAQ
앱토크롬,109960,109960.KQ,KOSDAQ
앱튼,270520,270520.KQ,KOSDAQ
야스,255440,255440.KQ,KOSDAQ
양지사,030960,030960.KQ,KOSDAQ
어보브반도체,102120,102120.KQ,KOSDAQ
얼라인드,238120,238120.KQ,KOSDAQ
에너토크,019990,019990.KQ,KOSDAQ
에르코스,435570,435570.KQ,KOSDAQ
에브리봇,270660,270660.KQ,KOSDAQ
에스넷,038680,038680.KQ,KOSDAQ
에스디생명공학,217480,217480.KQ,KOSDAQ
에스디시스템,121890,121890.KQ,KOSDAQ
에스바이오메딕스,304360,304360.KQ,KOSDAQ
에스비비테크,389500,389500.KQ,KOSDAQ
에스씨디,042110,042110.KQ,KOSDAQ
에스씨엠생명과학,298060,298060.KQ,KOSDAQ
에스아이리소스,065420,065420.KQ,KOSDAQ
에스앤더블류,103230,103230.KQ,KOSDAQ
에스앤디,260970,260970.KQ,KOSDAQ
에스앤에스텍,101490,101490.KQ,KOSDAQ
에스에너지,095910,095910.KQ,KOSDAQ
에스에스알,275630,275630.KQ,KOSDAQ
에스에이엠티,031330,031330.KQ,KOSDAQ
에스에이티,060540,060540.KQ,KOSDAQ
에스엔시스,0008Z0,0008Z0.KQ,KOSDAQ
에스엘에스바이오,246250,246250.KQ,KOSDAQ
에스엠씨지,460870,460870.KQ,KOSDAQ
에스엠코어,007820,007820.KQ,KOSDAQ
에스오에스랩,464080,464080.KQ,KOSDAQ
에스와이,109610,109610.KQ,KOSDAQ
에스와이스틸텍,365330,365330.KQ,KOSDAQ
에스제이그룹,306040,306040.KQ,KOSDAQ
에스지헬스케어,398120,398120.KQ,KOSDAQ
에스케이증권제11호스팩,472230,472230.KQ,KOSDAQ
에스케이증권제12호스팩,473000,473000.KQ,KOSDAQ
에스케이증권제13호스팩,473950,473950.KQ,KOSDAQ
에스켐,475660,475660.KQ,KOSDAQ
에스코넥,096630,096630.KQ,KOSDAQ
에스텍,069510,069510.KQ,KOSDAQ
에스투더블유,488280,488280.KQ,KOSDAQ
에스트래픽,234300,234300.KQ,KOSDAQ
에스티아이,039440,039440.KQ,KOSDAQ
에스티오,098660,098660.KQ,KOSDAQ
에스티큐브,052020,052020.KQ,KOSDAQ
에스팀,458350,458350.KQ,KOSDAQ
에스폴리텍,050760,050760.KQ,KOSDAQ
에스퓨얼셀,288620,288620.KQ,KOSDAQ
에스피소프트,443670,443670.KQ,KOSDAQ
에스피시스템스,317830,317830.KQ,KOSDAQ
에스피지,058610,058610.KQ,KOSDAQ
에쎈테크,043340,043340.KQ,KOSDAQ
에어레인,163280,163280.KQ,KOSDAQ
에이디테크놀로지,200710,200710.KQ,KOSDAQ
에이럭스,475580,475580.KQ,KOSDAQ
에이루트,096690,096690.KQ,KOSDAQ
에이비엘바이오,298380,298380.KQ,KOSDAQ
에이비온,203400,203400.KQ,KOSDAQ
에이비프로바이오,195990,195990.KQ,KOSDAQ
에이스침대,003800,003800.KQ,KOSDAQ
에이스테크,088800,088800.KQ,KOSDAQ
에이스토리,241840,241840.KQ,KOSDAQ
에이아이코리아,364950,364950.KQ,KOSDAQ
에이에스텍,453860,453860.KQ,KOSDAQ
에이에프더블류,312610,312610.KQ,KOSDAQ
에이엘티,172670,172670.KQ,KOSDAQ
에이유브랜즈,481070,481070.KQ,KOSDAQ
에이전트AI,060900,060900.KQ,KOSDAQ
에이직랜드,445090,445090.KQ,KOSDAQ
에이치브이엠,295310,295310.KQ,KOSDAQ
에이치시티,072990,072990.KQ,KOSDAQ
에이치엔에스하이텍,044990,044990.KQ,KOSDAQ
에이치엘사이언스,239610,239610.KQ,KOSDAQ
에이치엠넥스,036170,036170.KQ,KOSDAQ
에이치엠씨제6호스팩,462020,462020.KQ,KOSDAQ
에이치엠씨제7호스팩,477340,477340.KQ,KOSDAQ
에이치와이티씨,148930,148930.KQ,KOSDAQ
에이치케이,044780,044780.KQ,KOSDAQ
에이치피오,357230,357230.KQ,KOSDAQ
에이텀,355690,355690.KQ,KOSDAQ
에이테크솔루션,071670,071670.KQ,KOSDAQ
에이텍,045660,045660.KQ,KOSDAQ
에이텍모빌리티,224110,224110.KQ,KOSDAQ
에이티넘인베스트,021080,021080.KQ,KOSDAQ
에이팩트,200470,200470.KQ,KOSDAQ
에이프로,262260,262260.KQ,KOSDAQ
에이프릴바이오,397030,397030.KQ,KOSDAQ
에임드바이오,0009K0,0009K0.KQ,KOSDAQ
에치에프알,230240,230240.KQ,KOSDAQ
에코글로우,159910,159910.KQ,KOSDAQ
에코마케팅,230360,230360.KQ,KOSDAQ
에코바이오,038870,038870.KQ,KOSDAQ
에코볼트,097780,097780.KQ,KOSDAQ
에코아이,448280,448280.KQ,KOSDAQ
에코앤드림,101360,101360.KQ,KOSDAQ
에코캡,128540,128540.KQ,KOSDAQ
에코프로에이치엔,383310,383310.KQ,KOSDAQ
에코플라스틱,038110,038110.KQ,KOSDAQ
에프알텍,073540,073540.KQ,KOSDAQ
에프앤가이드,064850,064850.KQ,KOSDAQ
에프에스티,036810,036810.KQ,KOSDAQ
에프엔씨엔터,173940,173940.KQ,KOSDAQ
에프엔에스테크,083500,083500.KQ,KOSDAQ
엑사이엔씨,054940,054940.KQ,KOSDAQ
엑세스바이오,950130,950130.KQ,KOSDAQ
엑셀세라퓨틱스,373110,373110.KQ,KOSDAQ
엑셈,205100,205100.KQ,KOSDAQ
엑스게이트,356680,356680.KQ,KOSDAQ
엑스큐어,070300,070300.KQ,KOSDAQ
엑스페릭스,317770,317770.KQ,KOSDAQ
엑스플러스,373200,373200.KQ,KOSDAQ
엑시온그룹,069920,069920.KQ,KOSDAQ
엑시콘,092870,092870.KQ,KOSDAQ
엔바이오니아,317870,317870.KQ,KOSDAQ
엔브이에이치코리아,067570,067570.KQ,KOSDAQ
엔비알모션,0004V0,0004V0.KQ,KOSDAQ
엔비티,236810,236810.KQ,KOSDAQ
엔시스,333620,333620.KQ,KOSDAQ
엔시트론,101400,101400.KQ,KOSDAQ
엔알비,475230,475230.KQ,KOSDAQ
엔에이치스팩29호,451700,451700.KQ,KOSDAQ
엔에이치스팩30호,466910,466910.KQ,KOSDAQ
엔에이치스팩31호,481890,481890.KQ,KOSDAQ
엔에이치스팩32호,0054V0,0054V0.KQ,KOSDAQ
엔에프씨,265740,265740.KQ,KOSDAQ
엔젠바이오,354200,354200.KQ,KOSDAQ
엔젤로보틱스,455900,455900.KQ,KOSDAQ
엔젯,419080,419080.KQ,KOSDAQ
엔지켐생명과학,183490,183490.KQ,KOSDAQ
엔케이젠바이오텍코리아,182400,182400.KQ,KOSDAQ
엔켐,348370,348370.KQ,KOSDAQ
엔텔스,069410,069410.KQ,KOSDAQ
엔투텍,227950,227950.KQ,KOSDAQ
엔피,291230,291230.KQ,KOSDAQ
엔피케이,048830,048830.KQ,KOSDAQ
엘디티,096870,096870.KQ,KOSDAQ
엘앤씨바이오,290650,290650.KQ,KOSDAQ
엘앤케이바이오,156100,156100.KQ,KOSDAQ
엘에스스팩1호,0041J0,0041J0.KQ,KOSDAQ
엘엠에스,073110,073110.KQ,KOSDAQ
엘오티베큠,083310,083310.KQ,KOSDAQ
엘컴텍,037950,037950.KQ,KOSDAQ
엘케이켐,489500,489500.KQ,KOSDAQ
엘티씨,170920,170920.KQ,KOSDAQ
엠게임,058630,058630.KQ,KOSDAQ
엠디바이스,226590,226590.KQ,KOSDAQ
엠로,058970,058970.KQ,KOSDAQ
엠브레인,169330,169330.KQ,KOSDAQ
엠아이큐브솔루션,373170,373170.KQ,KOSDAQ
엠아이텍,179290,179290.KQ,KOSDAQ
엠에스씨,009780,009780.KQ,KOSDAQ
엠에스오토텍,123040,123040.KQ,KOSDAQ
엠에프씨,432980,432980.KQ,KOSDAQ
엠오티,413390,413390.KQ,KOSDAQ
엠젠솔루션,032790,032790.KQ,KOSDAQ
엠케이전자,033160,033160.KQ,KOSDAQ
엠투아이,347890,347890.KQ,KOSDAQ
엠투엔,033310,033310.KQ,KOSDAQ
엠플러스,259630,259630.KQ,KOSDAQ
엣지파운드리,105550,105550.KQ,KOSDAQ
영림원소프트랩,060850,060850.KQ,KOSDAQ
영우디에스피,143540,143540.KQ,KOSDAQ
영화테크,265560,265560.KQ,KOSDAQ
예림당,036000,036000.KQ,KOSDAQ
예선테크,250930,250930.KQ,KOSDAQ
예스24,053280,053280.KQ,KOSDAQ
예스티,122640,122640.KQ,KOSDAQ
오가노이드사이언스,476040,476040.KQ,KOSDAQ
오가닉티코스메틱,900300,900300.KQ,KOSDAQ
오공,045060,045060.KQ,KOSDAQ
오늘이엔엠,192410,192410.KQ,KOSDAQ
오디텍,080520,080520.KQ,KOSDAQ
오로라,039830,039830.KQ,KOSDAQ
오로스테크놀로지,322310,322310.KQ,KOSDAQ
오르비텍,046120,046120.KQ,KOSDAQ
오름테라퓨틱,475830,475830.KQ,KOSDAQ
오리엔탈정공,014940,014940.KQ,KOSDAQ
오리엔트정공,065500,065500.KQ,KOSDAQ
오리콤,010470,010470.KQ,KOSDAQ
오브젠,417860,417860.KQ,KOSDAQ
오비고,352910,352910.KQ,KOSDAQ
오상자이엘,053980,053980.KQ,KOSDAQ
오상헬스케어,036220,036220.KQ,KOSDAQ
오성첨단소재,052420,052420.KQ,KOSDAQ
오션인더블유,052300,052300.KQ,KOSDAQ
오스코텍,039200,039200.KQ,KOSDAQ
오스테오닉,226400,226400.KQ,KOSDAQ
오스템,031510,031510.KQ,KOSDAQ
오아,342870,342870.KQ,KOSDAQ
오에스피,368970,368970.KQ,KOSDAQ
오이솔루션,138080,138080.KQ,KOSDAQ
오킨스전자,080580,080580.KQ,KOSDAQ
오텍,067170,067170.KQ,KOSDAQ
오토앤,353590,353590.KQ,KOSDAQ
오파스넷,173130,173130.KQ,KOSDAQ
오픈놀,440320,440320.KQ,KOSDAQ
오픈베이스,049480,049480.KQ,KOSDAQ
오픈엣지테크놀로지,394280,394280.KQ,KOSDAQ
온코닉테라퓨틱스,476060,476060.KQ,KOSDAQ
온코크로스,382150,382150.KQ,KOSDAQ
올리패스,244460,244460.KQ,KOSDAQ
올릭스,226950,226950.KQ,KOSDAQ
옴니시스템,057540,057540.KQ,KOSDAQ
옵투스제약,131030,131030.KQ,KOSDAQ
옵트론텍,082210,082210.KQ,KOSDAQ
옵티시스,109080,109080.KQ,KOSDAQ
옵티코어,380540,380540.KQ,KOSDAQ
옵티팜,153710,153710.KQ,KOSDAQ
와이랩,432430,432430.KQ,KOSDAQ
와이바이오로직스,338840,338840.KQ,KOSDAQ
와이솔,122990,122990.KQ,KOSDAQ
와이씨,232140,232140.KQ,KOSDAQ
와이씨켐,112290,112290.KQ,KOSDAQ
와이어블,065530,065530.KQ,KOSDAQ
와이엔텍,067900,067900.KQ,KOSDAQ
와이엠,007530,007530.KQ,KOSDAQ
와이엠씨,155650,155650.KQ,KOSDAQ
와이엠텍,273640,273640.KQ,KOSDAQ
와이엠티,251370,251370.KQ,KOSDAQ
와이제이링크,209640,209640.KQ,KOSDAQ
와이즈넛,096250,096250.KQ,KOSDAQ
와이즈버즈,273060,273060.KQ,KOSDAQ
와이지-원,019210,019210.KQ,KOSDAQ
와이지엔터테인먼트,122870,122870.KQ,KOSDAQ
와토스코리아,079000,079000.KQ,KOSDAQ
우듬지팜,403490,403490.KQ,KOSDAQ
우리기술,032820,032820.KQ,KOSDAQ
우리기술투자,041190,041190.KQ,KOSDAQ
우리넷,115440,115440.KQ,KOSDAQ
우리로,046970,046970.KQ,KOSDAQ
우리바이오,082850,082850.KQ,KOSDAQ
우리산업,215360,215360.KQ,KOSDAQ
우리산업홀딩스,072470,072470.KQ,KOSDAQ
우리손에프앤지,073560,073560.KQ,KOSDAQ
우리엔터프라이즈,037400,037400.KQ,KOSDAQ
우리이앤엘,153490,153490.KQ,KOSDAQ
우림피티에스,101170,101170.KQ,KOSDAQ
우수AMS,066590,066590.KQ,KOSDAQ
우양,103840,103840.KQ,KOSDAQ
우양에이치씨,101970,101970.KQ,KOSDAQ
우원개발,046940,046940.KQ,KOSDAQ
우정바이오,215380,215380.KQ,KOSDAQ
우주일렉트로,065680,065680.KQ,KOSDAQ
우진비앤지,018620,018620.KQ,KOSDAQ
우진엔텍,457550,457550.KQ,KOSDAQ
워트,396470,396470.KQ,KOSDAQ
원바이오젠,307280,307280.KQ,KOSDAQ
원익,032940,032940.KQ,KOSDAQ
원익머트리얼즈,104830,104830.KQ,KOSDAQ
원익큐브,014190,014190.KQ,KOSDAQ
원익피앤이,217820,217820.KQ,KOSDAQ
원익홀딩스,030530,030530.KQ,KOSDAQ
원일특강,012620,012620.KQ,KOSDAQ
원일티엔아이,136150,136150.KQ,KOSDAQ
원준,382840,382840.KQ,KOSDAQ
원텍,336570,336570.KQ,KOSDAQ
원티드랩,376980,376980.KQ,KOSDAQ
원풍,008370,008370.KQ,KOSDAQ
원풍물산,008290,008290.KQ,KOSDAQ
월덱스,101160,101160.KQ,KOSDAQ
웨이버스,336060,336060.KQ,KOSDAQ
웨이브일렉트로,095270,095270.KQ,KOSDAQ
웨이비스,289930,289930.KQ,KOSDAQ
웰크론,065950,065950.KQ,KOSDAQ
웰크론한텍,076080,076080.KQ,KOSDAQ
웰킵스하이텍,043590,043590.KQ,KOSDAQ
웹스,196700,196700.KQ,KOSDAQ
웹케시,053580,053580.KQ,KOSDAQ
위너스,479960,479960.KQ,KOSDAQ
위니아에이드,377460,377460.KQ,KOSDAQ
위닉스,044340,044340.KQ,KOSDAQ
위더스제약,330350,330350.KQ,KOSDAQ
위드텍,348350,348350.KQ,KOSDAQ
위메이드,112040,112040.KQ,KOSDAQ
위메이드맥스,101730,101730.KQ,KOSDAQ
위메이드플레이,123420,123420.KQ,KOSDAQ
위세아이텍,065370,065370.KQ,KOSDAQ
위즈코프,038620,038620.KQ,KOSDAQ
위지윅스튜디오,299900,299900.KQ,KOSDAQ
위지트,036090,036090.KQ,KOSDAQ
위츠,459100,459100.KQ,KOSDAQ
윈스테크넷,136540,136540.KQ,KOSDAQ
윈팩,097800,097800.KQ,KOSDAQ
윈하이텍,192390,192390.KQ,KOSDAQ
윙스풋,335870,335870.KQ,KOSDAQ
윙입푸드,900340,900340.KQ,KOSDAQ
유니셈,036200,036200.KQ,KOSDAQ
유니슨,018000,018000.KQ,KOSDAQ
유니온바이오메트릭스,203450,203450.KQ,KOSDAQ
유니크,011320,011320.KQ,KOSDAQ
유니테스트,086390,086390.KQ,KOSDAQ
유니테크노,241690,241690.KQ,KOSDAQ
유니트론텍,142210,142210.KQ,KOSDAQ
유디엠텍,389680,389680.KQ,KOSDAQ
유라클,088340,088340.KQ,KOSDAQ
유라테크,048430,048430.KQ,KOSDAQ
유바이오로직스,206650,206650.KQ,KOSDAQ
유비벨록스,089850,089850.KQ,KOSDAQ
유비온,084440,084440.KQ,KOSDAQ
유비케어,032620,032620.KQ,KOSDAQ
유비쿼스,264450,264450.KQ,KOSDAQ
유비쿼스홀딩스,078070,078070.KQ,KOSDAQ
유성티엔에스,024800,024800.KQ,KOSDAQ
유신,054930,054930.KQ,KOSDAQ
유아이디,069330,069330.KQ,KOSDAQ
유아이엘,049520,049520.KQ,KOSDAQ
유안타제11호스팩,444920,444920.KQ,KOSDAQ
유안타제15호스팩,473050,473050.KQ,KOSDAQ
유안타제16호스팩,474490,474490.KQ,KOSDAQ
유안타제17호스팩,493790,493790.KQ,KOSDAQ
유에스티,263770,263770.KQ,KOSDAQ
유일로보틱스,388720,388720.KQ,KOSDAQ
유일에너테크,340930,340930.KQ,KOSDAQ
유진기업,023410,023410.KQ,KOSDAQ
유진로봇,056080,056080.KQ,KOSDAQ
유진스팩10호,468760,468760.KQ,KOSDAQ
유진스팩11호,488060,488060.KQ,KOSDAQ
유진스팩12호,0105P0,0105P0.KQ,KOSDAQ
유진테크,084370,084370.KQ,KOSDAQ
유진테크놀로지,240600,240600.KQ,KOSDAQ
유투바이오,221800,221800.KQ,KOSDAQ
유티아이,179900,179900.KQ,KOSDAQ
유틸렉스,263050,263050.KQ,KOSDAQ
육일씨엔에쓰,191410,191410.KQ,KOSDAQ
윤성에프앤씨,372170,372170.KQ,KOSDAQ
율촌,146060,146060.KQ,KOSDAQ
이건홀딩스,039020,039020.KQ,KOSDAQ
이글루,067920,067920.KQ,KOSDAQ
이글벳,044960,044960.KQ,KOSDAQ
이노뎁,303530,303530.KQ,KOSDAQ
이노룰스,296640,296640.KQ,KOSDAQ
이노메트리,302430,302430.KQ,KOSDAQ
이노스페이스,462350,462350.KQ,KOSDAQ
이노시뮬레이션,274400,274400.KQ,KOSDAQ
이노와이어리스,073490,073490.KQ,KOSDAQ
이노인스트루먼트,215790,215790.KQ,KOSDAQ
이노진,344860,344860.KQ,KOSDAQ
이노테크,469610,469610.KQ,KOSDAQ
이녹스,088390,088390.KQ,KOSDAQ
이니텍,053350,053350.KQ,KOSDAQ
이닉스,452400,452400.KQ,KOSDAQ
이랜시스,264850,264850.KQ,KOSDAQ
이랜텍,054210,054210.KQ,KOSDAQ
이렘,009730,009730.KQ,KOSDAQ
이루온,065440,065440.KQ,KOSDAQ
이뮨온시아,424870,424870.KQ,KOSDAQ
이미지스,115610,115610.KQ,KOSDAQ
이베스트스팩6호,478110,478110.KQ,KOSDAQ
이브이첨단소재,131400,131400.KQ,KOSDAQ
이삭엔지니어링,351330,351330.KQ,KOSDAQ
이상네트웍스,080010,080010.KQ,KOSDAQ
이수앱지스,086890,086890.KQ,KOSDAQ
이스트소프트,047560,047560.KQ,KOSDAQ
이스트아시아홀딩스,900110,900110.KQ,KOSDAQ
이스트에이드,239340,239340.KQ,KOSDAQ
이씨에스,067010,067010.KQ,KOSDAQ
이엔셀,456070,456070.KQ,KOSDAQ
이엔에프테크놀로지,102710,102710.KQ,KOSDAQ
이엘씨,041520,041520.KQ,KOSDAQ
이엘피,063760,063760.KQ,KOSDAQ
이엠넷,123570,123570.KQ,KOSDAQ
이엠앤아이,083470,083470.KQ,KOSDAQ
이엠코리아,095190,095190.KQ,KOSDAQ
이엠텍,091120,091120.KQ,KOSDAQ
이오플로우,294090,294090.KQ,KOSDAQ
이원컴포텍,088290,088290.KQ,KOSDAQ
이지바이오,353810,353810.KQ,KOSDAQ
이지스,261520,261520.KQ,KOSDAQ
이지케어텍,099750,099750.KQ,KOSDAQ
이지트로닉스,377330,377330.KQ,KOSDAQ
이지홀딩스,035810,035810.KQ,KOSDAQ
이크레더블,092130,092130.KQ,KOSDAQ
이퓨쳐,134060,134060.KQ,KOSDAQ
이화공영,001840,001840.KQ,KOSDAQ
인바디,041830,041830.KQ,KOSDAQ
인바이오,352940,352940.KQ,KOSDAQ
인베니아,079950,079950.KQ,KOSDAQ
인벤티지랩,389470,389470.KQ,KOSDAQ
인산가,277410,277410.KQ,KOSDAQ
인선이엔티,060150,060150.KQ,KOSDAQ
인성정보,033230,033230.KQ,KOSDAQ
인스웨이브,450520,450520.KQ,KOSDAQ
인스피언,465480,465480.KQ,KOSDAQ
인지디스플레,037330,037330.KQ,KOSDAQ
인지소프트,100030,100030.KQ,KOSDAQ
인카금융서비스,211050,211050.KQ,KOSDAQ
인콘,083640,083640.KQ,KOSDAQ
인크레더블버즈,064090,064090.KQ,KOSDAQ
인크로스,216050,216050.KQ,KOSDAQ
인탑스,049070,049070.KQ,KOSDAQ
인터로조,119610,119610.KQ,KOSDAQ
인터엠,017250,017250.KQ,KOSDAQ
인터플렉스,051370,051370.KQ,KOSDAQ
인텍플러스,064290,064290.KQ,KOSDAQ
인텔리안테크,189300,189300.KQ,KOSDAQ
인투셀,287840,287840.KQ,KOSDAQ
인트론바이오,048530,048530.KQ,KOSDAQ
인포바인,115310,115310.KQ,KOSDAQ
인포뱅크,039290,039290.KQ,KOSDAQ
인피니트헬스케어,071200,071200.KQ,KOSDAQ
인화정공,101930,101930.KQ,KOSDAQ
일승,333430,333430.KQ,KOSDAQ
일신바이오,068330,068330.KQ,KOSDAQ
일월지엠엘,178780,178780.KQ,KOSDAQ
일지테크,019540,019540.KQ,KOSDAQ
일진파워,094820,094820.KQ,KOSDAQ
잉글우드랩,950140,950140.KQ,KOSDAQ
잉크테크,049550,049550.KQ,KOSDAQ
자람테크놀로지,389020,389020.KQ,KOSDAQ
자비스,254120,254120.KQ,KOSDAQ
자연과환경,043910,043910.KQ,KOSDAQ
자이글,234920,234920.KQ,KOSDAQ
자이언트스텝,289220,289220.KQ,KOSDAQ
재영솔루텍,049630,049630.KQ,KOSDAQ
저스템,417840,417840.KQ,KOSDAQ
전진바이오팜,110020,110020.KQ,KOSDAQ
정다운,208140,208140.KQ,KOSDAQ
정상제이엘에스,040420,040420.KQ,KOSDAQ
정원엔시스,045510,045510.KQ,KOSDAQ
제너셈,217190,217190.KQ,KOSDAQ
제넥신,095700,095700.KQ,KOSDAQ
제노레이,122310,122310.KQ,KOSDAQ
제노코,361390,361390.KQ,KOSDAQ
제놀루션,225220,225220.KQ,KOSDAQ
제닉,123330,123330.KQ,KOSDAQ
제닉스로보틱스,381620,381620.KQ,KOSDAQ
제로투세븐,159580,159580.KQ,KOSDAQ
제룡산업,147830,147830.KQ,KOSDAQ
제룡전기,033100,033100.KQ,KOSDAQ
제우스,079370,079370.KQ,KOSDAQ
제이브이엠,054950,054950.KQ,KOSDAQ
제이스코홀딩스,023440,023440.KQ,KOSDAQ
제이스텍,090470,090470.KQ,KOSDAQ
제이씨케미칼,137950,137950.KQ,KOSDAQ
제이씨현시스템,033320,033320.KQ,KOSDAQ
제이아이테크,417500,417500.KQ,KOSDAQ
제이앤티씨,204270,204270.KQ,KOSDAQ
제이에스링크,127120,127120.KQ,KOSDAQ
제이에스티나,026040,026040.KQ,KOSDAQ
제이엔비,452160,452160.KQ,KOSDAQ
제이엔케이글로벌,126880,126880.KQ,KOSDAQ
제이엘케이,322510,322510.KQ,KOSDAQ
제이엠아이,033050,033050.KQ,KOSDAQ
제이엠티,094970,094970.KQ,KOSDAQ
제이오,418550,418550.KQ,KOSDAQ
제이케이시냅스,060230,060230.KQ,KOSDAQ
제이투케이바이오,420570,420570.KQ,KOSDAQ
제이티,089790,089790.KQ,KOSDAQ
제이피아이헬스케어,0010V0,0010V0.KQ,KOSDAQ
제일엠앤에스,412540,412540.KQ,KOSDAQ
제일일렉트릭,199820,199820.KQ,KOSDAQ
제일테크노스,038010,038010.KQ,KOSDAQ
제주반도체,080220,080220.KQ,KOSDAQ
제테마,216080,216080.KQ,KOSDAQ
젝시믹스,337930,337930.KQ,KOSDAQ
젠큐릭스,229000,229000.KQ,KOSDAQ
젬백스,082270,082270.KQ,KOSDAQ
조아제약,034940,034940.KQ,KOSDAQ
조이시티,067000,067000.KQ,KOSDAQ
조이웍스앤코,309930,309930.KQ,KOSDAQ
좋은사람들,033340,033340.KQ,KOSDAQ
중앙백신,072020,072020.KQ,KOSDAQ
중앙에너비스,000440,000440.KQ,KOSDAQ
중앙첨단소재,051980,051980.KQ,KOSDAQ
지노믹트리,228760,228760.KQ,KOSDAQ
지놈앤컴퍼니,314130,314130.KQ,KOSDAQ
지니너스,389030,389030.KQ,KOSDAQ
지니언스,263860,263860.KQ,KOSDAQ
지니틱스,303030,303030.KQ,KOSDAQ
지란지교시큐리티,208350,208350.KQ,KOSDAQ
지슨,446840,446840.KQ,KOSDAQ
지씨셀,144510,144510.KQ,KOSDAQ
지씨지놈,340450,340450.KQ,KOSDAQ
지아이에스,306620,306620.KQ,KOSDAQ
지아이이노베이션,358570,358570.KQ,KOSDAQ
지아이텍,382480,382480.KQ,KOSDAQ
지앤비에스 에코,382800,382800.KQ,KOSDAQ
지어소프트,051160,051160.KQ,KOSDAQ
지에스이,053050,053050.KQ,KOSDAQ
지에프씨생명과학,388610,388610.KQ,KOSDAQ
지에프아이,493330,493330.KQ,KOSDAQ
지엔씨에너지,119850,119850.KQ,KOSDAQ
지엔코,065060,065060.KQ,KOSDAQ
지엘팜텍,204840,204840.KQ,KOSDAQ
지오엘리먼트,311320,311320.KQ,KOSDAQ
지투지바이오,456160,456160.KQ,KOSDAQ
지투파워,388050,388050.KQ,KOSDAQ
진로발효,018120,018120.KQ,KOSDAQ
진매트릭스,109820,109820.KQ,KOSDAQ
진바이오텍,086060,086060.KQ,KOSDAQ
진성티이씨,036890,036890.KQ,KOSDAQ
진시스템,363250,363250.KQ,KOSDAQ
진양제약,007370,007370.KQ,KOSDAQ
진영,285800,285800.KQ,KOSDAQ
차바이오텍,085660,085660.KQ,KOSDAQ
차백신연구소,261780,261780.KQ,KOSDAQ
차이커뮤니케이션,351870,351870.KQ,KOSDAQ
참좋은여행,094850,094850.KQ,KOSDAQ
창해에탄올,004650,004650.KQ,KOSDAQ
천보,278280,278280.KQ,KOSDAQ
청담글로벌,362320,362320.KQ,KOSDAQ
체리부로,066360,066360.KQ,KOSDAQ
초록뱀미디어,047820,047820.KQ,KOSDAQ
칩스앤미디어,094360,094360.KQ,KOSDAQ
카나프테라퓨틱스,0082N0,0082N0.KQ,KOSDAQ
카스,016920,016920.KQ,KOSDAQ
카이노스메드,284620,284620.KQ,KOSDAQ
카티스,140430,140430.KQ,KOSDAQ
카페24,042000,042000.KQ,KOSDAQ
캐리,313760,313760.KQ,KOSDAQ
캐리소프트,317530,317530.KQ,KOSDAQ
캐스텍코리아,071850,071850.KQ,KOSDAQ
캐프,198080,198080.KQ,KOSDAQ
캔버스엔,210120,210120.KQ,KOSDAQ
캠시스,050110,050110.KQ,KOSDAQ
캡스톤파트너스,452300,452300.KQ,KOSDAQ
컨텍,451760,451760.KQ,KOSDAQ
컬러레이,900310,900310.KQ,KOSDAQ
컴투스홀딩스,063080,063080.KQ,KOSDAQ
컴퍼니케이,307930,307930.KQ,KOSDAQ
케스피온,079190,079190.KQ,KOSDAQ
케어랩스,263700,263700.KQ,KOSDAQ
케어젠,214370,214370.KQ,KOSDAQ
케이디켐,221980,221980.KQ,KOSDAQ
케이바이오,038530,038530.KQ,KOSDAQ
케이사인,192250,192250.KQ,KOSDAQ
케이쓰리아이,431190,431190.KQ,KOSDAQ
케이씨에스,115500,115500.KQ,KOSDAQ
케이씨티,089150,089150.KQ,KOSDAQ
케이씨피드,025880,025880.KQ,KOSDAQ
케이아이엔엑스,093320,093320.KQ,KOSDAQ
케이알엠,093640,093640.KQ,KOSDAQ
케이에스피,073010,073010.KQ,KOSDAQ
케이엔더블유,105330,105330.KQ,KOSDAQ
케이엔솔,053080,053080.KQ,KOSDAQ
케이엔알시스템,199430,199430.KQ,KOSDAQ
케이엔에스,432470,432470.KQ,KOSDAQ
케이엔제이,272110,272110.KQ,KOSDAQ
케이엘넷,039420,039420.KQ,KOSDAQ
케이엠,083550,083550.KQ,KOSDAQ
케이엠더블유,032500,032500.KQ,KOSDAQ
케이엠제약,225430,225430.KQ,KOSDAQ
케이옥션,102370,102370.KQ,KOSDAQ
케이웨더,068100,068100.KQ,KOSDAQ
케이이엠텍,106080,106080.KQ,KOSDAQ
케이지에이,455180,455180.KQ,KOSDAQ
케이티알파,036030,036030.KQ,KOSDAQ
케이프,064820,064820.KQ,KOSDAQ
케이피에프,024880,024880.KQ,KOSDAQ
케이피엠테크,042040,042040.KQ,KOSDAQ
케이피티유,054410,054410.KQ,KOSDAQ
케일럼,258610,258610.KQ,KOSDAQ
켄코아에어로스페이스,274090,274090.KQ,KOSDAQ
켐트로닉스,089010,089010.KQ,KOSDAQ
켐트로스,220260,220260.KQ,KOSDAQ
코나아이,052400,052400.KQ,KOSDAQ
코난테크놀로지,402030,402030.KQ,KOSDAQ
코닉오토메이션,391710,391710.KQ,KOSDAQ
코다코,046070,046070.KQ,KOSDAQ
코데즈컴바인,047770,047770.KQ,KOSDAQ
코디,080530,080530.KQ,KOSDAQ
코렌텍,104540,104540.KQ,KOSDAQ
코리아나,027050,027050.KQ,KOSDAQ
코리아에셋투자증권,190650,190650.KQ,KOSDAQ
코리아에프티,123410,123410.KQ,KOSDAQ
코맥스,036690,036690.KQ,KOSDAQ
코메론,049430,049430.KQ,KOSDAQ
코미팜,041960,041960.KQ,KOSDAQ
코세스,089890,089890.KQ,KOSDAQ
코셈,360350,360350.KQ,KOSDAQ
코스나인,082660,082660.KQ,KOSDAQ
코스맥스엔비티,222040,222040.KQ,KOSDAQ
코스메카코리아,241710,241710.KQ,KOSDAQ
코스텍시스,355150,355150.KQ,KOSDAQ
코아스템켐온,166480,166480.KQ,KOSDAQ
코아시아,045970,045970.KQ,KOSDAQ
코아시아씨엠,196450,196450.KQ,KOSDAQ
코어라인소프트,384470,384470.KQ,KOSDAQ
코오롱생명과학,102940,102940.KQ,KOSDAQ
코오롱티슈진,950160,950160.KQ,KOSDAQ
코위버,056360,056360.KQ,KOSDAQ
코윈테크,282880,282880.KQ,KOSDAQ
코이즈,121850,121850.KQ,KOSDAQ
코츠테크놀로지,448710,448710.KQ,KOSDAQ
코칩,126730,126730.KQ,KOSDAQ
코콤,015710,015710.KQ,KOSDAQ
코텍,052330,052330.KQ,KOSDAQ
코퍼스코리아,322780,322780.KQ,KOSDAQ
쿠콘,294570,294570.KQ,KOSDAQ
쿼드메디슨,464490,464490.KQ,KOSDAQ
퀀타매트릭스,317690,317690.KQ,KOSDAQ
퀄리타스반도체,432720,432720.KQ,KOSDAQ
큐라클,365270,365270.KQ,KOSDAQ
큐라티스,348080,348080.KQ,KOSDAQ
큐렉소,060280,060280.KQ,KOSDAQ
큐로셀,372320,372320.KQ,KOSDAQ
큐로홀딩스,051780,051780.KQ,KOSDAQ
큐리언트,115180,115180.KQ,KOSDAQ
큐리오시스,494120,494120.KQ,KOSDAQ
큐리옥스바이오시스템즈,445680,445680.KQ,KOSDAQ
큐브엔터,182360,182360.KQ,KOSDAQ
큐알티,405100,405100.KQ,KOSDAQ
큐에스아이,066310,066310.KQ,KOSDAQ
큐캐피탈,016600,016600.KQ,KOSDAQ
크라우드웍스,355390,355390.KQ,KOSDAQ
크레버스,096240,096240.KQ,KOSDAQ
크레오에스지,040350,040350.KQ,KOSDAQ
크리스에프앤씨,110790,110790.KQ,KOSDAQ
크리스탈신소재,900250,900250.KQ,KOSDAQ
크린앤사이언스,045520,045520.KQ,KOSDAQ
클로봇,466100,466100.KQ,KOSDAQ
클리오,237880,237880.KQ,KOSDAQ
키네마스터,139670,139670.KQ,KOSDAQ
키스트론,475430,475430.KQ,KOSDAQ
키움제10호스팩,487720,487720.KQ,KOSDAQ
키움제11호스팩,489480,489480.KQ,KOSDAQ
키움히어로제1호스팩,466690,466690.KQ,KOSDAQ
키이스트,054780,054780.KQ,KOSDAQ
킵스파마,256940,256940.KQ,KOSDAQ
타이거일렉,219130,219130.KQ,KOSDAQ
탑런토탈솔루션,336680,336680.KQ,KOSDAQ
탑머티리얼,360070,360070.KQ,KOSDAQ
탑엔지니어링,065130,065130.KQ,KOSDAQ
탑코미디어,134580,134580.KQ,KOSDAQ
태광,023160,023160.KQ,KOSDAQ
태성,323280,323280.KQ,KOSDAQ
태양,053620,053620.KQ,KOSDAQ
태웅,044490,044490.KQ,KOSDAQ
태웅로직스,124560,124560.KQ,KOSDAQ
테고사이언스,191420,191420.KQ,KOSDAQ
테라뷰,950250,950250.KQ,KOSDAQ
테라사이언스,073640,073640.KQ,KOSDAQ
테라젠이텍스,066700,066700.KQ,KOSDAQ
테스,095610,095610.KQ,KOSDAQ
테크엘,064520,064520.KQ,KOSDAQ
테크윙,089030,089030.KQ,KOSDAQ
텔레칩스,054450,054450.KQ,KOSDAQ
텔콘RF제약,200230,200230.KQ,KOSDAQ
토마토시스템,393210,393210.KQ,KOSDAQ
토모큐브,475960,475960.KQ,KOSDAQ
토박스코리아,215480,215480.KQ,KOSDAQ
토비스,051360,051360.KQ,KOSDAQ
토탈소프트,045340,045340.KQ,KOSDAQ
톱텍,108230,108230.KQ,KOSDAQ
투비소프트,079970,079970.KQ,KOSDAQ
툴젠,199800,199800.KQ,KOSDAQ
트루엔,417790,417790.KQ,KOSDAQ
트윔,290090,290090.KQ,KOSDAQ
특수건설,026150,026150.KQ,KOSDAQ
티디에스팜,464280,464280.KQ,KOSDAQ
티로보틱스,117730,117730.KQ,KOSDAQ
티비씨,033830,033830.KQ,KOSDAQ
티사이언티픽,057680,057680.KQ,KOSDAQ
티쓰리,204610,204610.KQ,KOSDAQ
티씨머티리얼즈,125020,125020.KQ,KOSDAQ
티앤알바이오팹,246710,246710.KQ,KOSDAQ
티앤엘,340570,340570.KQ,KOSDAQ
티에스넥스젠,043220,043220.KQ,KOSDAQ
티에스아이,277880,277880.KQ,KOSDAQ
티에스이,131290,131290.KQ,KOSDAQ
티에프이,425420,425420.KQ,KOSDAQ
티엑스알로보틱스,484810,484810.KQ,KOSDAQ
티엔엔터테인먼트,131100,131100.KQ,KOSDAQ
티엘비,356860,356860.KQ,KOSDAQ
티움바이오,321550,321550.KQ,KOSDAQ
티이엠씨,425040,425040.KQ,KOSDAQ
티이엠씨씨엔에스,241790,241790.KQ,KOSDAQ
티케이지애강,022220,022220.KQ,KOSDAQ
티케이케미칼,104480,104480.KQ,KOSDAQ
티플랙스,081150,081150.KQ,KOSDAQ
티피씨글로벌,130740,130740.KQ,KOSDAQ
팅크웨어,084730,084730.KQ,KOSDAQ
파두,440110,440110.KQ,KOSDAQ
파라택시스이더리움,290560,290560.KQ,KOSDAQ
파라택시스코리아,288330,288330.KQ,KOSDAQ
파라텍,033540,033540.KQ,KOSDAQ
파로스아이바이오,388870,388870.KQ,KOSDAQ
파루,043200,043200.KQ,KOSDAQ
파버나인,177830,177830.KQ,KOSDAQ
파세코,037070,037070.KQ,KOSDAQ
파수,150900,150900.KQ,KOSDAQ
파워넷,037030,037030.KQ,KOSDAQ
파워로직스,047310,047310.KQ,KOSDAQ
파이버프로,368770,368770.KQ,KOSDAQ
파이오링크,170790,170790.KQ,KOSDAQ
파인디앤씨,049120,049120.KQ,KOSDAQ
파인디지털,038950,038950.KQ,KOSDAQ
파인메딕스,387570,387570.KQ,KOSDAQ
파인엠텍,441270,441270.KQ,KOSDAQ
파인테크닉스,106240,106240.KQ,KOSDAQ
파인텍,131760,131760.KQ,KOSDAQ
파커스,065690,065690.KQ,KOSDAQ
판타지오,032800,032800.KQ,KOSDAQ
팜스빌,318010,318010.KQ,KOSDAQ
팜스토리,027710,027710.KQ,KOSDAQ
패션플랫폼,225590,225590.KQ,KOSDAQ
팬스타엔터프라이즈,054300,054300.KQ,KOSDAQ
팬엔터테인먼트,068050,068050.KQ,KOSDAQ
팬젠,222110,222110.KQ,KOSDAQ
팸텍,271830,271830.KQ,KOSDAQ
펌텍코리아,251970,251970.KQ,KOSDAQ
페스카로,0015S0,0015S0.KQ,KOSDAQ
펨트론,168360,168360.KQ,KOSDAQ
펩트론,087010,087010.KQ,KOSDAQ
포니링크,064800,064800.KQ,KOSDAQ
포메탈,119500,119500.KQ,KOSDAQ
포바이포,389140,389140.KQ,KOSDAQ
포스뱅크,105760,105760.KQ,KOSDAQ
포시에스,189690,189690.KQ,KOSDAQ
포인트모바일,318020,318020.KQ,KOSDAQ
포인트엔지니어링,256630,256630.KQ,KOSDAQ
포커스에이아이,331380,331380.KQ,KOSDAQ
포톤,208710,208710.KQ,KOSDAQ
폰드그룹,472850,472850.KQ,KOSDAQ
폴라리스AI,039980,039980.KQ,KOSDAQ
폴라리스AI파마,041910,041910.KQ,KOSDAQ
폴라리스세원,234100,234100.KQ,KOSDAQ
폴라리스오피스,041020,041020.KQ,KOSDAQ
폴라리스우노,114630,114630.KQ,KOSDAQ
푸드나무,290720,290720.KQ,KOSDAQ
푸드웰,005670,005670.KQ,KOSDAQ
푸른기술,094940,094940.KQ,KOSDAQ
푸른저축은행,007330,007330.KQ,KOSDAQ
풍강,093380,093380.KQ,KOSDAQ
풍국주정,023900,023900.KQ,KOSDAQ
풍원정밀,371950,371950.KQ,KOSDAQ
퓨런티어,370090,370090.KQ,KOSDAQ
퓨릿,445180,445180.KQ,KOSDAQ
퓨쳐켐,220100,220100.KQ,KOSDAQ
프럼파스트,035200,035200.KQ,KOSDAQ
프레스티지바이오로직스,334970,334970.KQ,KOSDAQ
프로브잇,227100,227100.KQ,KOSDAQ
프로이천,321260,321260.KQ,KOSDAQ
프로텍,053610,053610.KQ,KOSDAQ
프로티나,468530,468530.KQ,KOSDAQ
프로티아,303360,303360.KQ,KOSDAQ
프롬바이오,377220,377220.KQ,KOSDAQ
프리시젼바이오,335810,335810.KQ,KOSDAQ
프리엠스,053160,053160.KQ,KOSDAQ
플라즈맵,405000,405000.KQ,KOSDAQ
플래스크,041590,041590.KQ,KOSDAQ
플래티어,367000,367000.KQ,KOSDAQ
플랜티넷,075130,075130.KQ,KOSDAQ
플레이디,237820,237820.KQ,KOSDAQ
플레이위드,023770,023770.KQ,KOSDAQ
플루토스,019570,019570.KQ,KOSDAQ
플리토,300080,300080.KQ,KOSDAQ
피노,033790,033790.KQ,KOSDAQ
피델릭스,032580,032580.KQ,KOSDAQ
피씨디렉트,051380,051380.KQ,KOSDAQ
피씨엘,241820,241820.KQ,KOSDAQ
피아이이,452450,452450.KQ,KOSDAQ
피앤씨테크,237750,237750.KQ,KOSDAQ
피앤에스로보틱스,460940,460940.KQ,KOSDAQ
피에스케이홀딩스,031980,031980.KQ,KOSDAQ
피에스텍,002230,002230.KQ,KOSDAQ
피에이치에이,043370,043370.KQ,KOSDAQ
피엔에이치테크,239890,239890.KQ,KOSDAQ
피엔케이피부임상연구센타,347740,347740.KQ,KOSDAQ
피엔티엠에스,257370,257370.KQ,KOSDAQ
피엠티,147760,147760.KQ,KOSDAQ
피제이메탈,128660,128660.KQ,KOSDAQ
피제이전자,006140,006140.KQ,KOSDAQ
피코그램,376180,376180.KQ,KOSDAQ
피플바이오,304840,304840.KQ,KOSDAQ
픽셀플러스,087600,087600.KQ,KOSDAQ
핀텔,291810,291810.KQ,KOSDAQ
필에너지,378340,378340.KQ,KOSDAQ
필옵틱스,161580,161580.KQ,KOSDAQ
핌스,347770,347770.KQ,KOSDAQ
핑거,163730,163730.KQ,KOSDAQ
핑거스토리,417180,417180.KQ,KOSDAQ
하나30호스팩,469880,469880.KQ,KOSDAQ
하나31호스팩,469900,469900.KQ,KOSDAQ
하나32호스팩,475240,475240.KQ,KOSDAQ
하나33호스팩,475250,475250.KQ,KOSDAQ
하나34호스팩,484130,484130.KQ,KOSDAQ
하나35호스팩,0041L0,0041L0.KQ,KOSDAQ
하나36호스팩,0101C0,0101C0.KQ,KOSDAQ
하나기술,299030,299030.KQ,KOSDAQ
하나마이크론,067310,067310.KQ,KOSDAQ
하림,136480,136480.KQ,KOSDAQ
하스,450330,450330.KQ,KOSDAQ
하이드로리튬,101670,101670.KQ,KOSDAQ
하이딥,365590,365590.KQ,KOSDAQ
하이로닉,149980,149980.KQ,KOSDAQ
하이록코리아,013030,013030.KQ,KOSDAQ
하이비젼시스템,126700,126700.KQ,KOSDAQ
하이젠알앤엠,160190,160190.KQ,KOSDAQ
하이즈항공,221840,221840.KQ,KOSDAQ
하이텍팜,106190,106190.KQ,KOSDAQ
하이퍼코퍼레이션,065650,065650.KQ,KOSDAQ
하츠,066130,066130.KQ,KOSDAQ
한국가구,004590,004590.KQ,KOSDAQ
한국경제TV,039340,039340.KQ,KOSDAQ
한국기업평가,034950,034950.KQ,KOSDAQ
한국맥널티,222980,222980.KQ,KOSDAQ
한국비엔씨,256840,256840.KQ,KOSDAQ
한국비티비,219750,219750.KQ,KOSDAQ
한국선재,025550,025550.KQ,KOSDAQ
한국알콜,017890,017890.KQ,KOSDAQ
한국유니온제약,080720,080720.KQ,KOSDAQ
한국전자인증,041460,041460.KQ,KOSDAQ
한국정밀기계,101680,101680.KQ,KOSDAQ
한국정보공학,039740,039740.KQ,KOSDAQ
한국정보인증,053300,053300.KQ,KOSDAQ
한국정보통신,025770,025770.KQ,KOSDAQ
한국제12호스팩,458610,458610.KQ,KOSDAQ
한국제13호스팩,464440,464440.KQ,KOSDAQ
한국제15호스팩,479880,479880.KQ,KOSDAQ
한국첨단소재,062970,062970.KQ,KOSDAQ
한국캐피탈,023760,023760.KQ,KOSDAQ
한국컴퓨터,054040,054040.KQ,KOSDAQ
한국큐빅,021650,021650.KQ,KOSDAQ
한국파마,032300,032300.KQ,KOSDAQ
한국팩키지,037230,037230.KQ,KOSDAQ
한국피아이엠,448900,448900.KQ,KOSDAQ
한네트,052600,052600.KQ,KOSDAQ
한독크린텍,256150,256150.KQ,KOSDAQ
한라IMS,092460,092460.KQ,KOSDAQ
한라캐스트,125490,125490.KQ,KOSDAQ
한빛레이저,452190,452190.KQ,KOSDAQ
한빛소프트,047080,047080.KQ,KOSDAQ
한선엔지니어링,452280,452280.KQ,KOSDAQ
한성크린텍,066980,066980.KQ,KOSDAQ
한솔아이원스,114810,114810.KQ,KOSDAQ
한솔인티큐브,070590,070590.KQ,KOSDAQ
한스바이오메드,042520,042520.KQ,KOSDAQ
한싹,430690,430690.KQ,KOSDAQ
한양디지텍,078350,078350.KQ,KOSDAQ
한양이엔지,045100,045100.KQ,KOSDAQ
한울반도체,320000,320000.KQ,KOSDAQ
한울소재과학,091440,091440.KQ,KOSDAQ
한울앤제주,276730,276730.KQ,KOSDAQ
한일단조,024740,024740.KQ,KOSDAQ
한일사료,005860,005860.KQ,KOSDAQ
한일화학,007770,007770.KQ,KOSDAQ
한주라이트메탈,198940,198940.KQ,KOSDAQ
한주에이알티,058450,058450.KQ,KOSDAQ
한중엔시에스,107640,107640.KQ,KOSDAQ
한창산업,079170,079170.KQ,KOSDAQ
한컴위드,054920,054920.KQ,KOSDAQ
한켐,457370,457370.KQ,KOSDAQ
한탑,002680,002680.KQ,KOSDAQ
한텍,098070,098070.KQ,KOSDAQ
한화플러스제4호스팩,455310,455310.KQ,KOSDAQ
한화플러스제5호스팩,498390,498390.KQ,KOSDAQ
해성산업,034810,034810.KQ,KOSDAQ
해성산업1우,03481K,03481K.KQ,KOSDAQ
해성에어로보틱스,059270,059270.KQ,KOSDAQ
해성옵틱스,076610,076610.KQ,KOSDAQ
핸디소프트,220180,220180.KQ,KOSDAQ
헝셩그룹,900270,900270.KQ,KOSDAQ
헥토이노베이션,214180,214180.KQ,KOSDAQ
헥토파이낸셜,234340,234340.KQ,KOSDAQ
헬릭스미스,084990,084990.KQ,KOSDAQ
현대ADM,187660,187660.KQ,KOSDAQ
현대공업,170030,170030.KQ,KOSDAQ
현대무벡스,319400,319400.KQ,KOSDAQ
현대바이오,048410,048410.KQ,KOSDAQ
현대바이오랜드,052260,052260.KQ,KOSDAQ
현대사료,016790,016790.KQ,KOSDAQ
현대에버다임,041440,041440.KQ,KOSDAQ
현대에이치티,039010,039010.KQ,KOSDAQ
현대이지웰,090850,090850.KQ,KOSDAQ
현대힘스,460930,460930.KQ,KOSDAQ
현우산업,092300,092300.KQ,KOSDAQ
형지I&C,011080,011080.KQ,KOSDAQ
형지글로벌,308100,308100.KQ,KOSDAQ
홈캐스트,064240,064240.KQ,KOSDAQ
화성밸브,039610,039610.KQ,KOSDAQ
화신정공,126640,126640.KQ,KOSDAQ
화인써키트,127980,127980.KQ,KOSDAQ
화일약품,061250,061250.KQ,KOSDAQ
효성오앤비,097870,097870.KQ,KOSDAQ
휴네시온,290270,290270.KQ,KOSDAQ
휴럼,353190,353190.KQ,KOSDAQ
휴림로봇,090710,090710.KQ,KOSDAQ
휴림에이텍,078590,078590.KQ,KOSDAQ
휴마시스,205470,205470.KQ,KOSDAQ
휴맥스,115160,115160.KQ,KOSDAQ
휴맥스홀딩스,028080,028080.KQ,KOSDAQ
휴먼테크놀로지,175140,175140.KQ,KOSDAQ
휴메딕스,200670,200670.KQ,KOSDAQ
휴비츠,065510,065510.KQ,KOSDAQ
휴엠앤씨,263920,263920.KQ,KOSDAQ
휴온스,243070,243070.KQ,KOSDAQ
휴온스글로벌,084110,084110.KQ,KOSDAQ
흥구석유,024060,024060.KQ,KOSDAQ
흥국,010240,010240.KQ,KOSDAQ
흥국에프엔비,189980,189980.KQ,KOSDAQ
희림,037440,037440.KQ,KOSDAQ
힘스,238490,238490.KQ,KOSDAQ
CJ ENM,035760,035760.KQ,KOSDAQ GLOBAL
HK이노엔,195940,195940.KQ,KOSDAQ GLOBAL
HPSP,403870,403870.KQ,KOSDAQ GLOBAL
ISC,095340,095340.KQ,KOSDAQ GLOBAL
JYP Ent.,035900,035900.KQ,KOSDAQ GLOBAL
SOOP,067160,067160.KQ,KOSDAQ GLOBAL
골프존,215000,215000.KQ,KOSDAQ GLOBAL
넥스틴,348210,348210.KQ,KOSDAQ GLOBAL
더블유씨피,393890,393890.KQ,KOSDAQ GLOBAL
덕산네오룩스,213420,213420.KQ,KOSDAQ GLOBAL
동국제약,086450,086450.KQ,KOSDAQ GLOBAL
동화기업,025900,025900.KQ,KOSDAQ GLOBAL
두산테스나,131970,131970.KQ,KOSDAQ GLOBAL
리가켐바이오,141080,141080.KQ,KOSDAQ GLOBAL
리노공업,058470,058470.KQ,KOSDAQ GLOBAL
메가스터디교육,215200,215200.KQ,KOSDAQ GLOBAL
서울반도체,046890,046890.KQ,KOSDAQ GLOBAL
솔브레인,357780,357780.KQ,KOSDAQ GLOBAL
솔브레인홀딩스,036830,036830.KQ,KOSDAQ GLOBAL
스튜디오드래곤,253450,253450.KQ,KOSDAQ GLOBAL
심텍,222800,222800.KQ,KOSDAQ GLOBAL
씨아이에스,222080,222080.KQ,KOSDAQ GLOBAL
아이티엠반도체,084850,084850.KQ,KOSDAQ GLOBAL
알테오젠,196170,196170.KQ,KOSDAQ GLOBAL
에스에프에이,056190,056190.KQ,KOSDAQ GLOBAL
에스엠,041510,041510.KQ,KOSDAQ GLOBAL
에스티팜,237690,237690.KQ,KOSDAQ GLOBAL
에코프로,086520,086520.KQ,KOSDAQ GLOBAL
에코프로비엠,247540,247540.KQ,KOSDAQ GLOBAL
원익IPS,240810,240810.KQ,KOSDAQ GLOBAL
원익QnC,074600,074600.KQ,KOSDAQ GLOBAL
웹젠,069080,069080.KQ,KOSDAQ GLOBAL
이녹스첨단소재,272290,272290.KQ,KOSDAQ GLOBAL
이오테크닉스,039030,039030.KQ,KOSDAQ GLOBAL
주성엔지니어링,036930,036930.KQ,KOSDAQ GLOBAL
카카오게임즈,293490,293490.KQ,KOSDAQ GLOBAL
컴투스,078340,078340.KQ,KOSDAQ GLOBAL
코미코,183300,183300.KQ,KOSDAQ GLOBAL
콜마비앤에이치,200130,200130.KQ,KOSDAQ GLOBAL
클래시스,214150,214150.KQ,KOSDAQ GLOBAL
티씨케이,064760,064760.KQ,KOSDAQ GLOBAL
파마리서치,214450,214450.KQ,KOSDAQ GLOBAL
파크시스템스,140860,140860.KQ,KOSDAQ GLOBAL
파트론,091700,091700.KQ,KOSDAQ GLOBAL
펄어비스,263750,263750.KQ,KOSDAQ GLOBAL
포스코엠텍,009520,009520.KQ,KOSDAQ GLOBAL
피에스케이,319660,319660.KQ,KOSDAQ GLOBAL
피엔티,137400,137400.KQ,KOSDAQ GLOBAL
하나머티리얼즈,166090,166090.KQ,KOSDAQ GLOBAL
하림지주,003380,003380.KQ,KOSDAQ GLOBAL
한글과컴퓨터,030520,030520.KQ,KOSDAQ GLOBAL
휴젤,145020,145020.KQ,KOSDAQ GLOBAL
AJ네트웍스,095570,095570.KS,KOSPI
AK홀딩스,006840,006840.KS,KOSPI
BGF,027410,027410.KS,KOSPI
BGF리테일,282330,282330.KS,KOSPI
BNK금융지주,138930,138930.KS,KOSPI
BYC,001460,001460.KS,KOSPI
BYC우,001465,001465.KS,KOSPI
CJ,001040,001040.KS,KOSPI
CJ CGV,079160,079160.KS,KOSPI
CJ4우(전환),00104K,00104K.KS,KOSPI
CJ대한통운,000120,000120.KS,KOSPI
CJ씨푸드,011150,011150.KS,KOSPI
CJ씨푸드1우,011155,011155.KS,KOSPI
CJ우,001045,001045.KS,KOSPI
CJ제일제당,097950,097950.KS,KOSPI
CJ제일제당 우,097955,097955.KS,KOSPI
CR홀딩스,000480,000480.KS,KOSPI
CS홀딩스,000590,000590.KS,KOSPI
DB,012030,012030.KS,KOSPI
DB손해보험,005830,005830.KS,KOSPI
DB증권,016610,016610.KS,KOSPI
DB하이텍,000990,000990.KS,KOSPI
DH오토넥스,000300,000300.KS,KOSPI
DI동일,001530,001530.KS,KOSPI
DKME,015590,015590.KS,KOSPI
DL,000210,000210.KS,KOSPI
DL우,000215,000215.KS,KOSPI
DL이앤씨,375500,375500.KS,KOSPI
DL이앤씨2우(전환),37550L,37550L.KS,KOSPI
DL이앤씨우,37550K,37550K.KS,KOSPI
DN오토모티브,007340,007340.KS,KOSPI
DRB동일,004840,004840.KS,KOSPI
DSR,155660,155660.KS,KOSPI
DSR제강,069730,069730.KS,KOSPI
DS단석,017860,017860.KS,KOSPI
DYP,092780,092780.KS,KOSPI
E1,017940,017940.KS,KOSPI
ESR켄달스퀘어리츠,365550,365550.KS,KOSPI
F&F,383220,383220.KS,KOSPI
F&F홀딩스,007700,007700.KS,KOSPI
GKL,114090,114090.KS,KOSPI
GS,078930,078930.KS,KOSPI
GS건설,006360,006360.KS,KOSPI
GS글로벌,001250,001250.KS,KOSPI
GS리테일,007070,007070.KS,KOSPI
GS우,078935,078935.KS,KOSPI
GS피앤엘,499790,499790.KS,KOSPI
HDC,012630,012630.KS,KOSPI
HDC랩스,039570,039570.KS,KOSPI
HDC현대EP,089470,089470.KS,KOSPI
HDC현대산업개발,294870,294870.KS,KOSPI
HD건설기계,267270,267270.KS,KOSPI
HD한국조선해양,009540,009540.KS,KOSPI
HD현대,267250,267250.KS,KOSPI
HD현대마린솔루션,443060,443060.KS,KOSPI
HD현대마린엔진,071970,071970.KS,KOSPI
HD현대에너지솔루션,322000,322000.KS,KOSPI
HD현대일렉트릭,267260,267260.KS,KOSPI
HD현대중공업,329180,329180.KS,KOSPI
HJ중공업,097230,097230.KS,KOSPI
HL D&I,014790,014790.KS,KOSPI
HLB글로벌,003580,003580.KS,KOSPI
HL만도,204320,204320.KS,KOSPI
HL홀딩스,060980,060980.KS,KOSPI
HMM,011200,011200.KS,KOSPI
HS애드,035000,035000.KS,KOSPI
HS화성,002460,002460.KS,KOSPI
HS효성,487570,487570.KS,KOSPI
HS효성첨단소재,298050,298050.KS,KOSPI
INVENI,015360,015360.KS,KOSPI
JB금융지주,175330,175330.KS,KOSPI
JW생명과학,234080,234080.KS,KOSPI
JW중외제약,001060,001060.KS,KOSPI
JW중외제약2우B,001067,001067.KS,KOSPI
JW중외제약우,001065,001065.KS,KOSPI
JW홀딩스,096760,096760.KS,KOSPI
KBI동양철관,008970,008970.KS,KOSPI
KB금융,105560,105560.KS,KOSPI
KB발해인프라,415640,415640.KS,KOSPI
KB스타리츠,432320,432320.KS,KOSPI
KCC,002380,002380.KS,KOSPI
KCC글라스,344820,344820.KS,KOSPI
KCTC,009070,009070.KS,KOSPI
KC그린홀딩스,009440,009440.KS,KOSPI
KC코트렐,119650,119650.KS,KOSPI
KEC,092220,092220.KS,KOSPI
KG모빌리티,003620,003620.KS,KOSPI
KG스틸,016380,016380.KS,KOSPI
KG케미칼,001390,001390.KS,KOSPI
KISCO홀딩스,001940,001940.KS,KOSPI
KPX케미칼,025000,025000.KS,KOSPI
KPX홀딩스,092230,092230.KS,KOSPI
KR모터스,000040,000040.KS,KOSPI
KSS해운,044450,044450.KS,KOSPI
KT,030200,030200.KS,KOSPI
KT&G,033780,033780.KS,KOSPI
KTcs,058850,058850.KS,KOSPI
KTis,058860,058860.KS,KOSPI
LF,093050,093050.KS,KOSPI
LG,003550,003550.KS,KOSPI
LG디스플레이,034220,034220.KS,KOSPI
LG생활건강,051900,051900.KS,KOSPI
LG생활건강우,051905,051905.KS,KOSPI
LG씨엔에스,064400,064400.KS,KOSPI
LG에너지솔루션,373220,373220.KS,KOSPI
LG우,003555,003555.KS,KOSPI
LG유플러스,032640,032640.KS,KOSPI
LG이노텍,011070,011070.KS,KOSPI
LG전자,066570,066570.KS,KOSPI
LG전자우,066575,066575.KS,KOSPI
LG헬로비전,037560,037560.KS,KOSPI
LG화학,051910,051910.KS,KOSPI
LG화학우,051915,051915.KS,KOSPI
LIG넥스원,079550,079550.KS,KOSPI
LS,006260,006260.KS,KOSPI
LS ELECTRIC,010120,010120.KS,KOSPI
LS네트웍스,000680,000680.KS,KOSPI
LS에코에너지,229640,229640.KS,KOSPI
LX세미콘,108320,108320.KS,KOSPI
LX인터내셔널,001120,001120.KS,KOSPI
LX하우시스,108670,108670.KS,KOSPI
LX하우시스우,108675,108675.KS,KOSPI
LX홀딩스,383800,383800.KS,KOSPI
LX홀딩스1우,38380K,38380K.KS,KOSPI
MH에탄올,023150,023150.KS,KOSPI
NAVER,035420,035420.KS,KOSPI
NHN,181710,181710.KS,KOSPI
NH올원리츠,400760,400760.KS,KOSPI
NH투자증권,005940,005940.KS,KOSPI
NH투자증권우,005945,005945.KS,KOSPI
NH프라임리츠,338100,338100.KS,KOSPI
NICE,034310,034310.KS,KOSPI
NICE평가정보,030190,030190.KS,KOSPI
NI스틸,008260,008260.KS,KOSPI
NPC,004250,004250.KS,KOSPI
NPC우,004255,004255.KS,KOSPI
OCI,456040,456040.KS,KOSPI
OCI홀딩스,010060,010060.KS,KOSPI
PI첨단소재,178920,178920.KS,KOSPI
PKC,001340,001340.KS,KOSPI
POSCO홀딩스,005490,005490.KS,KOSPI
S-Oil,010950,010950.KS,KOSPI
S-Oil우,010955,010955.KS,KOSPI
SBS,034120,034120.KS,KOSPI
SB성보,003080,003080.KS,KOSPI
SGC에너지,005090,005090.KS,KOSPI
SG글로벌,001380,001380.KS,KOSPI
SG세계물산,004060,004060.KS,KOSPI
SHD,001770,001770.KS,KOSPI
SH에너지화학,002360,002360.KS,KOSPI
SIMPAC,009160,009160.KS,KOSPI
SJG세종,033530,033530.KS,KOSPI
SJM,123700,123700.KS,KOSPI
SJM홀딩스,025530,025530.KS,KOSPI
SK,034730,034730.KS,KOSPI
SKC,011790,011790.KS,KOSPI
SK가스,018670,018670.KS,KOSPI
SK네트웍스,001740,001740.KS,KOSPI
SK디스커버리,006120,006120.KS,KOSPI
SK디스커버리우,006125,006125.KS,KOSPI
SK디앤디,210980,210980.KS,KOSPI
SK리츠,395400,395400.KS,KOSPI
SK바이오사이언스,302440,302440.KS,KOSPI
SK바이오팜,326030,326030.KS,KOSPI
SK스퀘어,402340,402340.KS,KOSPI
SK아이이테크놀로지,361610,361610.KS,KOSPI
SK오션플랜트,100090,100090.KS,KOSPI
SK우,03473K,03473K.KS,KOSPI
SK이노베이션,096770,096770.KS,KOSPI
SK이노베이션우,096775,096775.KS,KOSPI
SK이터닉스,475150,475150.KS,KOSPI
SK증권,001510,001510.KS,KOSPI
SK증권우,001515,001515.KS,KOSPI
SK케미칼,285130,285130.KS,KOSPI
SK케미칼우,28513K,28513K.KS,KOSPI
SK텔레콤,017670,017670.KS,KOSPI
SK하이닉스,000660,000660.KS,KOSPI
SNT다이내믹스,003570,003570.KS,KOSPI
SNT모티브,064960,064960.KS,KOSPI
SNT에너지,100840,100840.KS,KOSPI
SNT홀딩스,036530,036530.KS,KOSPI
SPC삼립,005610,005610.KS,KOSPI
STX,011810,011810.KS,KOSPI
STX그린로지스,465770,465770.KS,KOSPI
STX엔진,077970,077970.KS,KOSPI
SUN&L,002820,002820.KS,KOSPI
TBH글로벌,084870,084870.KS,KOSPI
TCC스틸,002710,002710.KS,KOSPI
TKG휴켐스,069260,069260.KS,KOSPI
TP,007980,007980.KS,KOSPI
TYM,002900,002900.KS,KOSPI
WISCOM,024070,024070.KS,KOSPI
YG PLUS,037270,037270.KS,KOSPI
iM금융지주,139130,139130.KS,KOSPI
가온전선,000500,000500.KS,KOSPI
강남제비스코,000860,000860.KS,KOSPI
강원랜드,035250,035250.KS,KOSPI
갤럭시아에스엠,011420,011420.KS,KOSPI
경농,002100,002100.KS,KOSPI
경동나비엔,009450,009450.KS,KOSPI
경동도시가스,267290,267290.KS,KOSPI
경동인베스트,012320,012320.KS,KOSPI
경방,000050,000050.KS,KOSPI
경보제약,214390,214390.KS,KOSPI
경인양행,012610,012610.KS,KOSPI
경인전자,009140,009140.KS,KOSPI
계룡건설,013580,013580.KS,KOSPI
계양전기,012200,012200.KS,KOSPI
계양전기우,012205,012205.KS,KOSPI
고려산업,002140,002140.KS,KOSPI
고려아연,010130,010130.KS,KOSPI
고려제강,002240,002240.KS,KOSPI
광동제약,009290,009290.KS,KOSPI
광명전기,017040,017040.KS,KOSPI
광전자,017900,017900.KS,KOSPI
광주신세계,037710,037710.KS,KOSPI
교보증권,030610,030610.KS,KOSPI
교촌에프앤비,339770,339770.KS,KOSPI
국도화학,007690,007690.KS,KOSPI
국제약품,002720,002720.KS,KOSPI
그린케미칼,083420,083420.KS,KOSPI
극동유화,014530,014530.KS,KOSPI
금강공업,014280,014280.KS,KOSPI
금강공업우,014285,014285.KS,KOSPI
금비,008870,008870.KS,KOSPI
금양,001570,001570.KS,KOSPI
금호건설,002990,002990.KS,KOSPI
금호건설우,002995,002995.KS,KOSPI
금호석유화학,011780,011780.KS,KOSPI
금호석유화학우,011785,011785.KS,KOSPI
금호에이치티,214330,214330.KS,KOSPI
금호전기,001210,001210.KS,KOSPI
금호타이어,073240,073240.KS,KOSPI
기신정기,092440,092440.KS,KOSPI
기아,000270,000270.KS,KOSPI
기업은행,024110,024110.KS,KOSPI
까뮤이앤씨,013700,013700.KS,KOSPI
깨끗한나라,004540,004540.KS,KOSPI
깨끗한나라우,004545,004545.KS,KOSPI
남광토건,001260,001260.KS,KOSPI
남선알미늄,008350,008350.KS,KOSPI
남선알미우,008355,008355.KS,KOSPI
남성,004270,004270.KS,KOSPI
남양유업,003920,003920.KS,KOSPI
남양유업우,003925,003925.KS,KOSPI
남해화학,025860,025860.KS,KOSPI
넥센,005720,005720.KS,KOSPI
넥센우,005725,005725.KS,KOSPI
넥센타이어,002350,002350.KS,KOSPI
넥센타이어1우B,002355,002355.KS,KOSPI
넥스틸,092790,092790.KS,KOSPI
넷마블,251270,251270.KS,KOSPI
노루페인트,090350,090350.KS,KOSPI
노루페인트우,090355,090355.KS,KOSPI
노루홀딩스,000320,000320.KS,KOSPI
노루홀딩스우,000325,000325.KS,KOSPI
녹십자,006280,006280.KS,KOSPI
녹십자홀딩스,005250,005250.KS,KOSPI
녹십자홀딩스2우,005257,005257.KS,KOSPI
농심,004370,004370.KS,KOSPI
농심홀딩스,072710,072710.KS,KOSPI
다스코,058730,058730.KS,KOSPI
다올투자증권,030210,030210.KS,KOSPI
다우기술,023590,023590.KS,KOSPI
다이나믹디자인,145210,145210.KS,KOSPI
달바글로벌,483650,483650.KS,KOSPI
대교,019680,019680.KS,KOSPI
대교우B,019685,019685.KS,KOSPI
대구백화점,006370,006370.KS,KOSPI
대덕,008060,008060.KS,KOSPI
대덕1우,00806K,00806K.KS,KOSPI
대덕전자,353200,353200.KS,KOSPI
대덕전자1우,35320K,35320K.KS,KOSPI
대동,000490,000490.KS,KOSPI
대동전자,008110,008110.KS,KOSPI
대림바스,005750,005750.KS,KOSPI
대림통상,006570,006570.KS,KOSPI
대상,001680,001680.KS,KOSPI
대상우,001685,001685.KS,KOSPI
대상홀딩스,084690,084690.KS,KOSPI
대상홀딩스우,084695,084695.KS,KOSPI
대성산업,128820,128820.KS,KOSPI
대성에너지,117580,117580.KS,KOSPI
대성홀딩스,016710,016710.KS,KOSPI
대신밸류리츠,0030R0,0030R0.KS,KOSPI
대신증권,003540,003540.KS,KOSPI
대신증권2우B,003547,003547.KS,KOSPI
대신증권우,003545,003545.KS,KOSPI
대양금속,009190,009190.KS,KOSPI
대영포장,014160,014160.KS,KOSPI
대우건설,047040,047040.KS,KOSPI
대웅,003090,003090.KS,KOSPI
대웅제약,069620,069620.KS,KOSPI
대원강업,000430,000430.KS,KOSPI
대원전선,006340,006340.KS,KOSPI
대원전선우,006345,006345.KS,KOSPI
대원제약,003220,003220.KS,KOSPI
대원화성,024890,024890.KS,KOSPI
대유에이텍,002880,002880.KS,KOSPI
대창,012800,012800.KS,KOSPI
대창단조,015230,015230.KS,KOSPI
대한방직,001070,001070.KS,KOSPI
대한유화,006650,006650.KS,KOSPI
대한전선,001440,001440.KS,KOSPI
대한제강,084010,084010.KS,KOSPI
대한제당,001790,001790.KS,KOSPI
대한제당우,001795,001795.KS,KOSPI
대한제분,001130,001130.KS,KOSPI
대한조선,439260,439260.KS,KOSPI
대한항공,003490,003490.KS,KOSPI
대한항공우,003495,003495.KS,KOSPI
대한해운,005880,005880.KS,KOSPI
대한화섬,003830,003830.KS,KOSPI
대현,016090,016090.KS,KOSPI
대호에이엘,069460,069460.KS,KOSPI
더본코리아,475560,475560.KS,KOSPI
더블유게임즈,192080,192080.KS,KOSPI
더존비즈온,012510,012510.KS,KOSPI
덕성,004830,004830.KS,KOSPI
덕성우,004835,004835.KS,KOSPI
덴티움,145720,145720.KS,KOSPI
도화엔지니어링,002150,002150.KS,KOSPI
동국씨엠,460850,460850.KS,KOSPI
동국제강,460860,460860.KS,KOSPI
동국홀딩스,001230,001230.KS,KOSPI
동남합성,023450,023450.KS,KOSPI
동방,004140,004140.KS,KOSPI
동방아그로,007590,007590.KS,KOSPI
동부건설,005960,005960.KS,KOSPI
동부건설우,005965,005965.KS,KOSPI
동서,026960,026960.KS,KOSPI
동성제약,002210,002210.KS,KOSPI
동성케미컬,102260,102260.KS,KOSPI
동아쏘시오홀딩스,000640,000640.KS,KOSPI
동아에스티,170900,170900.KS,KOSPI
동아지질,028100,028100.KS,KOSPI
동양,001520,001520.KS,KOSPI
동양2우B,001527,001527.KS,KOSPI
동양고속,084670,084670.KS,KOSPI
동양생명,082640,082640.KS,KOSPI
동양우,001525,001525.KS,KOSPI
동원금속,018500,018500.KS,KOSPI
동원산업,006040,006040.KS,KOSPI
동원수산,030720,030720.KS,KOSPI
동원시스템즈,014820,014820.KS,KOSPI
동원시스템즈우,014825,014825.KS,KOSPI
동인기연,111380,111380.KS,KOSPI
동일고무벨트,163560,163560.KS,KOSPI
동일산업,004890,004890.KS,KOSPI
동일제강,002690,002690.KS,KOSPI
동화약품,000020,000020.KS,KOSPI
두산,000150,000150.KS,KOSPI
두산2우B,000157,000157.KS,KOSPI
두산로보틱스,454910,454910.KS,KOSPI
두산밥캣,241560,241560.KS,KOSPI
두산에너빌리티,034020,034020.KS,KOSPI
두산우,000155,000155.KS,KOSPI
두산퓨얼셀,336260,336260.KS,KOSPI
두산퓨얼셀1우,33626K,33626K.KS,KOSPI
두산퓨얼셀2우B,33626L,33626L.KS,KOSPI
두올,016740,016740.KS,KOSPI
드림텍,192650,192650.KS,KOSPI
디씨엠,024090,024090.KS,KOSPI
디아이,003160,003160.KS,KOSPI
디아이씨,092200,092200.KS,KOSPI
디앤디플랫폼리츠,377190,377190.KS,KOSPI
디와이,013570,013570.KS,KOSPI
디와이덕양,024900,024900.KS,KOSPI
디와이파워,210540,210540.KS,KOSPI
롯데관광개발,032350,032350.KS,KOSPI
롯데렌탈,089860,089860.KS,KOSPI
롯데리츠,330590,330590.KS,KOSPI
롯데손해보험,000400,000400.KS,KOSPI
롯데쇼핑,023530,023530.KS,KOSPI
롯데에너지머티리얼즈,020150,020150.KS,KOSPI
롯데웰푸드,280360,280360.KS,KOSPI
롯데이노베이트,286940,286940.KS,KOSPI
롯데정밀화학,004000,004000.KS,KOSPI
롯데지주,004990,004990.KS,KOSPI
롯데지주우,00499K,00499K.KS,KOSPI
롯데칠성,005300,005300.KS,KOSPI
롯데칠성우,005305,005305.KS,KOSPI
롯데케미칼,011170,011170.KS,KOSPI
롯데하이마트,071840,071840.KS,KOSPI
마니커,027740,027740.KS,KOSPI
마스턴프리미어리츠,357430,357430.KS,KOSPI
만호제강,001080,001080.KS,KOSPI
맥쿼리인프라,088980,088980.KS,KOSPI
맵스리얼티,094800,094800.KS,KOSPI
메리츠금융지주,138040,138040.KS,KOSPI
메타랩스,090370,090370.KS,KOSPI
메타케어,118000,118000.KS,KOSPI
명문제약,017180,017180.KS,KOSPI
명신산업,009900,009900.KS,KOSPI
명인제약,317450,317450.KS,KOSPI
모나리자,012690,012690.KS,KOSPI
모나미,005360,005360.KS,KOSPI
모나용평,070960,070960.KS,KOSPI
모토닉,009680,009680.KS,KOSPI
무림P&P,009580,009580.KS,KOSPI
무림페이퍼,009200,009200.KS,KOSPI
무학,033920,033920.KS,KOSPI
문배철강,008420,008420.KS,KOSPI
미래산업,025560,025560.KS,KOSPI
미래아이앤지,007120,007120.KS,KOSPI
미래에셋글로벌리츠,396690,396690.KS,KOSPI
미래에셋맵스리츠,357250,357250.KS,KOSPI
미래에셋생명,085620,085620.KS,KOSPI
미래에셋증권,006800,006800.KS,KOSPI
미래에셋증권2우B,00680K,00680K.KS,KOSPI
미래에셋증권우,006805,006805.KS,KOSPI
미스토홀딩스,081660,081660.KS,KOSPI
미원상사,002840,002840.KS,KOSPI
미원에스씨,268280,268280.KS,KOSPI
미원홀딩스,107590,107590.KS,KOSPI
미원화학,134380,134380.KS,KOSPI
미창석유,003650,003650.KS,KOSPI
바이오노트,377740,377740.KS,KOSPI
방림,003610,003610.KS,KOSPI
백산,035150,035150.KS,KOSPI
범양건영,002410,002410.KS,KOSPI
벽산,007210,007210.KS,KOSPI
보락,002760,002760.KS,KOSPI
보령,003850,003850.KS,KOSPI
보해양조,000890,000890.KS,KOSPI
부광약품,003000,003000.KS,KOSPI
부국증권,001270,001270.KS,KOSPI
부국증권우,001275,001275.KS,KOSPI
부국철강,026940,026940.KS,KOSPI
부산산업,011390,011390.KS,KOSPI
부산주공,005030,005030.KS,KOSPI
블루산업개발,006740,006740.KS,KOSPI
비비안,002070,002070.KS,KOSPI
비상교육,100220,100220.KS,KOSPI
비에이치,090460,090460.KS,KOSPI
빙그레,005180,005180.KS,KOSPI
사조대림,003960,003960.KS,KOSPI
사조동아원,008040,008040.KS,KOSPI
사조산업,007160,007160.KS,KOSPI
사조씨푸드,014710,014710.KS,KOSPI
사조오양,006090,006090.KS,KOSPI
산일전기,062040,062040.KS,KOSPI
삼부토건,001470,001470.KS,KOSPI
삼성E&A,028050,028050.KS,KOSPI
삼성FN리츠,448730,448730.KS,KOSPI
삼성SDI,006400,006400.KS,KOSPI
삼성SDI우,006405,006405.KS,KOSPI
삼성공조,006660,006660.KS,KOSPI
삼성물산,028260,028260.KS,KOSPI
삼성물산우B,02826K,02826K.KS,KOSPI
삼성바이오로직스,207940,207940.KS,KOSPI
삼성생명,032830,032830.KS,KOSPI
삼성에스디에스,018260,018260.KS,KOSPI
삼성에피스홀딩스,0126Z0,0126Z0.KS,KOSPI
삼성전기,009150,009150.KS,KOSPI
삼성전기우,009155,009155.KS,KOSPI
삼성전자,005930,005930.KS,KOSPI
삼성전자우,005935,005935.KS,KOSPI
삼성제약,001360,001360.KS,KOSPI
삼성중공업,010140,010140.KS,KOSPI
삼성증권,016360,016360.KS,KOSPI
삼성출판사,068290,068290.KS,KOSPI
삼성카드,029780,029780.KS,KOSPI
삼성화재,000810,000810.KS,KOSPI
삼성화재우,000815,000815.KS,KOSPI
삼아알미늄,006110,006110.KS,KOSPI
삼양바이오팜,0120G0,0120G0.KS,KOSPI
삼양사,145990,145990.KS,KOSPI
삼양사우,145995,145995.KS,KOSPI
삼양식품,003230,003230.KS,KOSPI
삼양통상,002170,002170.KS,KOSPI
삼양패키징,272550,272550.KS,KOSPI
삼양홀딩스,000070,000070.KS,KOSPI
삼영,003720,003720.KS,KOSPI
삼영무역,002810,002810.KS,KOSPI
삼영전자,005680,005680.KS,KOSPI
삼원강재,023000,023000.KS,KOSPI
삼익THK,004380,004380.KS,KOSPI
삼익악기,002450,002450.KS,KOSPI
삼일씨엔에스,004440,004440.KS,KOSPI
삼일제약,000520,000520.KS,KOSPI
삼정펄프,009770,009770.KS,KOSPI
삼진제약,005500,005500.KS,KOSPI
삼천리,004690,004690.KS,KOSPI
삼호개발,010960,010960.KS,KOSPI
삼화왕관,004450,004450.KS,KOSPI
삼화전기,009470,009470.KS,KOSPI
삼화전자,011230,011230.KS,KOSPI
삼화콘덴서,001820,001820.KS,KOSPI
삼화페인트,000390,000390.KS,KOSPI
상상인증권,001290,001290.KS,KOSPI
상신브레이크,041650,041650.KS,KOSPI
새론오토모티브,075180,075180.KS,KOSPI
샘표,007540,007540.KS,KOSPI
샘표식품,248170,248170.KS,KOSPI
서연,007860,007860.KS,KOSPI
서연이화,200880,200880.KS,KOSPI
서울가스,017390,017390.KS,KOSPI
서울보증보험,031210,031210.KS,KOSPI
서울식품,004410,004410.KS,KOSPI
서울식품우,004415,004415.KS,KOSPI
서원,021050,021050.KS,KOSPI
서흥,008490,008490.KS,KOSPI
선도전기,007610,007610.KS,KOSPI
선진,136490,136490.KS,KOSPI
성문전자,014910,014910.KS,KOSPI
성문전자우,014915,014915.KS,KOSPI
성신양회,004980,004980.KS,KOSPI
성신양회우,004985,004985.KS,KOSPI
성안머티리얼스,011300,011300.KS,KOSPI
성창기업지주,000180,000180.KS,KOSPI
세기상사,002420,002420.KS,KOSPI
세방,004360,004360.KS,KOSPI
세방우,004365,004365.KS,KOSPI
세방전지,004490,004490.KS,KOSPI
세아베스틸지주,001430,001430.KS,KOSPI
세아제강,306200,306200.KS,KOSPI
세아제강지주,003030,003030.KS,KOSPI
세아홀딩스,058650,058650.KS,KOSPI
세우글로벌,013000,013000.KS,KOSPI
세원정공,021820,021820.KS,KOSPI
세이브존I&C,067830,067830.KS,KOSPI
세진중공업,075580,075580.KS,KOSPI
셀트리온,068270,068270.KS,KOSPI
솔루스첨단소재,336370,336370.KS,KOSPI
솔루스첨단소재1우,33637K,33637K.KS,KOSPI
솔루스첨단소재2우B,33637L,33637L.KS,KOSPI
솔루엠,248070,248070.KS,KOSPI
송원산업,004430,004430.KS,KOSPI
수산세보틱스,017550,017550.KS,KOSPI
수산인더스트리,126720,126720.KS,KOSPI
스카이라이프,053210,053210.KS,KOSPI
스타에스엠리츠,204210,204210.KS,KOSPI
스틱인베스트먼트,026890,026890.KS,KOSPI
시디즈,134790,134790.KS,KOSPI
시프트업,462870,462870.KS,KOSPI
신대양제지,016590,016590.KS,KOSPI
신도리코,029530,029530.KS,KOSPI
신라교역,004970,004970.KS,KOSPI
신성이엔지,011930,011930.KS,KOSPI
신세계,004170,004170.KS,KOSPI
신세계 I&C,035510,035510.KS,KOSPI
신세계인터내셔날,031430,031430.KS,KOSPI
신세계푸드,031440,031440.KS,KOSPI
신송홀딩스,006880,006880.KS,KOSPI
신영와코루,005800,005800.KS,KOSPI
신영증권,001720,001720.KS,KOSPI
신원,009270,009270.KS,KOSPI
신일전자,002700,002700.KS,KOSPI
신풍,002870,002870.KS,KOSPI
신풍제약,019170,019170.KS,KOSPI
신풍제약우,019175,019175.KS,KOSPI
신한글로벌액티브리츠,481850,481850.KS,KOSPI
신한서부티엔디리츠,404990,404990.KS,KOSPI
신한알파리츠,293940,293940.KS,KOSPI
신한지주,055550,055550.KS,KOSPI
신흥,004080,004080.KS,KOSPI
써니전자,004770,004770.KS,KOSPI
쏘카,403550,403550.KS,KOSPI
씨아이테크,004920,004920.KS,KOSPI
씨에스윈드,112610,112610.KS,KOSPI
씨케이솔루션,480370,480370.KS,KOSPI
씨티알모빌리티,308170,308170.KS,KOSPI
아남전자,008700,008700.KS,KOSPI
아모레퍼시픽,090430,090430.KS,KOSPI
아모레퍼시픽우,090435,090435.KS,KOSPI
아모레퍼시픽홀딩스,002790,002790.KS,KOSPI
아모레퍼시픽홀딩스3우C,00279K,00279K.KS,KOSPI
아모레퍼시픽홀딩스우,002795,002795.KS,KOSPI
아세아,002030,002030.KS,KOSPI
아세아시멘트,183190,183190.KS,KOSPI
아세아제지,002310,002310.KS,KOSPI
아센디오,012170,012170.KS,KOSPI
아시아나IDT,267850,267850.KS,KOSPI
아시아나항공,020560,020560.KS,KOSPI
아이마켓코리아,122900,122900.KS,KOSPI
아이에스동서,010780,010780.KS,KOSPI
아이티센씨티에스,031820,031820.KS,KOSPI
아주스틸,139990,139990.KS,KOSPI
아진전자부품,009320,009320.KS,KOSPI
알루코,001780,001780.KS,KOSPI
애경산업,018250,018250.KS,KOSPI
애경케미칼,161000,161000.KS,KOSPI
에넥스,011090,011090.KS,KOSPI
에스디바이오센서,137310,137310.KS,KOSPI
에스엘,005850,005850.KS,KOSPI
에스엠벡셀,010580,010580.KS,KOSPI
에스원,012750,012750.KS,KOSPI
에쓰씨엔지니어링,023960,023960.KS,KOSPI
에어부산,298690,298690.KS,KOSPI
에이리츠,140910,140910.KS,KOSPI
에이블씨엔씨,078520,078520.KS,KOSPI
에이엔피,015260,015260.KS,KOSPI
에이프로젠,007460,007460.KS,KOSPI
에이프로젠바이오로직스,003060,003060.KS,KOSPI
에이플러스에셋,244920,244920.KS,KOSPI
에이피알,278470,278470.KS,KOSPI
에코프로머티,450080,450080.KS,KOSPI
엑시큐어하이트론,019490,019490.KS,KOSPI
엔씨소프트,036570,036570.KS,KOSPI
엔케이,085310,085310.KS,KOSPI
엘브이엠씨홀딩스,900140,900140.KS,KOSPI
엘앤에프,066970,066970.KS,KOSPI
엠씨넥스,097520,097520.KS,KOSPI
엠앤씨솔루션,484870,484870.KS,KOSPI
영보화학,014440,014440.KS,KOSPI
영원무역,111770,111770.KS,KOSPI
영원무역홀딩스,009970,009970.KS,KOSPI
영진약품,003520,003520.KS,KOSPI
영풍,000670,000670.KS,KOSPI
영화금속,012280,012280.KS,KOSPI
영흥,012160,012160.KS,KOSPI
오뚜기,007310,007310.KS,KOSPI
오리엔트바이오,002630,002630.KS,KOSPI
오리온,271560,271560.KS,KOSPI
오리온홀딩스,001800,001800.KS,KOSPI
온타이드,005320,005320.KS,KOSPI
와이투솔루션,011690,011690.KS,KOSPI
우리금융지주,316140,316140.KS,KOSPI
우성,006980,006980.KS,KOSPI
우신시스템,017370,017370.KS,KOSPI
우진,105840,105840.KS,KOSPI
우진아이엔에스,010400,010400.KS,KOSPI
우진플라임,049800,049800.KS,KOSPI
웅진,016880,016880.KS,KOSPI
웅진씽크빅,095720,095720.KS,KOSPI
원림,005820,005820.KS,KOSPI
윌비스,008600,008600.KS,KOSPI
유나이티드제약,033270,033270.KS,KOSPI
유니드,014830,014830.KS,KOSPI
유니드비티플러스,446070,446070.KS,KOSPI
유니온,000910,000910.KS,KOSPI
유니온머티리얼,047400,047400.KS,KOSPI
유니켐,011330,011330.KS,KOSPI
유니퀘스트,077500,077500.KS,KOSPI
유성기업,002920,002920.KS,KOSPI
유수홀딩스,000700,000700.KS,KOSPI
유안타증권,003470,003470.KS,KOSPI
유안타증권우,003475,003475.KS,KOSPI
유엔젤,072130,072130.KS,KOSPI
유유제약,000220,000220.KS,KOSPI
유유제약1우,000225,000225.KS,KOSPI
유유제약2우B,000227,000227.KS,KOSPI
유진투자증권,001200,001200.KS,KOSPI
유한양행,000100,000100.KS,KOSPI
유한양행우,000105,000105.KS,KOSPI
유화증권,003460,003460.KS,KOSPI
유화증권우,003465,003465.KS,KOSPI
율촌화학,008730,008730.KS,KOSPI
이건산업,008250,008250.KS,KOSPI
이구산업,025820,025820.KS,KOSPI
이노션,214320,214320.KS,KOSPI
이리츠코크렙,088260,088260.KS,KOSPI
이마트,139480,139480.KS,KOSPI
이수스페셜티케미컬,457190,457190.KS,KOSPI
이수페타시스,007660,007660.KS,KOSPI
이수화학,005950,005950.KS,KOSPI
이스타코,015020,015020.KS,KOSPI
이엔플러스,074610,074610.KS,KOSPI
이연제약,102460,102460.KS,KOSPI
이월드,084680,084680.KS,KOSPI
이지스레지던스리츠,350520,350520.KS,KOSPI
이지스밸류플러스리츠,334890,334890.KS,KOSPI
이화산업,000760,000760.KS,KOSPI
인디에프,014990,014990.KS,KOSPI
인바이오젠,101140,101140.KS,KOSPI
인스코비,006490,006490.KS,KOSPI
인지컨트롤스,023800,023800.KS,KOSPI
인천도시가스,034590,034590.KS,KOSPI
인터지스,129260,129260.KS,KOSPI
인팩,023810,023810.KS,KOSPI
일동제약,249420,249420.KS,KOSPI
일동홀딩스,000230,000230.KS,KOSPI
일성건설,013360,013360.KS,KOSPI
일성아이에스,003120,003120.KS,KOSPI
일신방직,003200,003200.KS,KOSPI
일신석재,007110,007110.KS,KOSPI
일양약품,007570,007570.KS,KOSPI
일양약품우,007575,007575.KS,KOSPI
일정실업,008500,008500.KS,KOSPI
일진다이아,081000,081000.KS,KOSPI
일진디스플,020760,020760.KS,KOSPI
일진전기,103590,103590.KS,KOSPI
일진하이솔루스,271940,271940.KS,KOSPI
일진홀딩스,015860,015860.KS,KOSPI
잇츠한불,226320,226320.KS,KOSPI
자이에스앤디,317400,317400.KS,KOSPI
자화전자,033240,033240.KS,KOSPI
전방,000950,000950.KS,KOSPI
전진건설로봇,079900,079900.KS,KOSPI
제이알글로벌리츠,348950,348950.KS,KOSPI
제이에스코퍼레이션,194370,194370.KS,KOSPI
제일기획,030000,030000.KS,KOSPI
제일약품,271980,271980.KS,KOSPI
제일연마,001560,001560.KS,KOSPI
제일파마홀딩스,002620,002620.KS,KOSPI
제주은행,006220,006220.KS,KOSPI
제주항공,089590,089590.KS,KOSPI
조광페인트,004910,004910.KS,KOSPI
조광피혁,004700,004700.KS,KOSPI
조비,001550,001550.KS,KOSPI
조선내화,462520,462520.KS,KOSPI
조선선재,120030,120030.KS,KOSPI
조일알미늄,018470,018470.KS,KOSPI
조흥,002600,002600.KS,KOSPI
종근당,185750,185750.KS,KOSPI
종근당바이오,063160,063160.KS,KOSPI
종근당홀딩스,001630,001630.KS,KOSPI
주성코퍼레이션,109070,109070.KS,KOSPI
주연테크,044380,044380.KS,KOSPI
지누스,013890,013890.KS,KOSPI
지엠비코리아,013870,013870.KS,KOSPI
지역난방공사,071320,071320.KS,KOSPI
진도,088790,088790.KS,KOSPI
진양산업,003780,003780.KS,KOSPI
진양폴리,010640,010640.KS,KOSPI
진양홀딩스,100250,100250.KS,KOSPI
진양화학,051630,051630.KS,KOSPI
진에어,272450,272450.KS,KOSPI
진원생명과학,011000,011000.KS,KOSPI
진흥기업,002780,002780.KS,KOSPI
진흥기업2우B,002787,002787.KS,KOSPI
진흥기업우B,002785,002785.KS,KOSPI
차AI헬스케어,025620,025620.KS,KOSPI
참엔지니어링,009310,009310.KS,KOSPI
천일고속,000650,000650.KS,KOSPI
체시스,033250,033250.KS,KOSPI
카카오,035720,035720.KS,KOSPI
카카오뱅크,323410,323410.KS,KOSPI
카카오페이,377300,377300.KS,KOSPI
카프로,006380,006380.KS,KOSPI
케이뱅크,279570,279570.KS,KOSPI
케이비아이동국실업,001620,001620.KS,KOSPI
케이씨,029460,029460.KS,KOSPI
케이씨텍,281820,281820.KS,KOSPI
케이카,381970,381970.KS,KOSPI
케이탑리츠,145270,145270.KS,KOSPI
코람코더원리츠,417310,417310.KS,KOSPI
코람코라이프인프라리츠,357120,357120.KS,KOSPI
코리아써우,007815,007815.KS,KOSPI
코리아써키트,007810,007810.KS,KOSPI
코리아써키트2우B,00781K,00781K.KS,KOSPI
코리안리,003690,003690.KS,KOSPI
코스맥스,192820,192820.KS,KOSPI
코스맥스비티아이,044820,044820.KS,KOSPI
코스모신소재,005070,005070.KS,KOSPI
코스모화학,005420,005420.KS,KOSPI
코아스,071950,071950.KS,KOSPI
코오롱,002020,002020.KS,KOSPI
코오롱ENP,138490,138490.KS,KOSPI
코오롱글로벌,003070,003070.KS,KOSPI
코오롱글로벌우,003075,003075.KS,KOSPI
코오롱우,002025,002025.KS,KOSPI
코오롱인더,120110,120110.KS,KOSPI
코오롱인더우,120115,120115.KS,KOSPI
코웨이,021240,021240.KS,KOSPI
콘텐트리중앙,036420,036420.KS,KOSPI
콜마홀딩스,024720,024720.KS,KOSPI
쿠쿠홀딩스,192400,192400.KS,KOSPI
쿠쿠홈시스,284740,284740.KS,KOSPI
크라운제과,264900,264900.KS,KOSPI
크라운제과우,26490K,26490K.KS,KOSPI
크라운해태홀딩스,005740,005740.KS,KOSPI
크라운해태홀딩스우,005745,005745.KS,KOSPI
크래프톤,259960,259960.KS,KOSPI
키다리스튜디오,020120,020120.KS,KOSPI
키움증권,039490,039490.KS,KOSPI
태경비케이,014580,014580.KS,KOSPI
태경산업,015890,015890.KS,KOSPI
태경케미컬,006890,006890.KS,KOSPI
태광산업,003240,003240.KS,KOSPI
태림포장,011280,011280.KS,KOSPI
태양금속,004100,004100.KS,KOSPI
태양금속우,004105,004105.KS,KOSPI
태영건설,009410,009410.KS,KOSPI
태영건설우,009415,009415.KS,KOSPI
태원물산,001420,001420.KS,KOSPI
테이팩스,055490,055490.KS,KOSPI
텔코웨어,078000,078000.KS,KOSPI
토니모리,214420,214420.KS,KOSPI
티에이치엔,019180,019180.KS,KOSPI
티엠씨,217590,217590.KS,KOSPI
티와이홀딩스,363280,363280.KS,KOSPI
티와이홀딩스우,36328K,36328K.KS,KOSPI
티웨이항공,091810,091810.KS,KOSPI
티웨이홀딩스,004870,004870.KS,KOSPI
파라다이스,034230,034230.KS,KOSPI
파미셀,005690,005690.KS,KOSPI
팜스코,036580,036580.KS,KOSPI
팜젠사이언스,004720,004720.KS,KOSPI
팬오션,028670,028670.KS,KOSPI
퍼스텍,010820,010820.KS,KOSPI
퍼시스,016800,016800.KS,KOSPI
페이퍼코리아,001020,001020.KS,KOSPI
평화산업,090080,090080.KS,KOSPI
평화홀딩스,010770,010770.KS,KOSPI
포스코DX,022100,022100.KS,KOSPI
포스코스틸리온,058430,058430.KS,KOSPI
포스코인터내셔널,047050,047050.KS,KOSPI
포스코퓨처엠,003670,003670.KS,KOSPI
풀무원,017810,017810.KS,KOSPI
풍산,103140,103140.KS,KOSPI
풍산홀딩스,005810,005810.KS,KOSPI
프레스티지바이오파마,950210,950210.KS,KOSPI
플레이그램,009810,009810.KS,KOSPI
하나금융지주,086790,086790.KS,KOSPI
하나제약,293480,293480.KS,KOSPI
하나투어,039130,039130.KS,KOSPI
하이브,352820,352820.KS,KOSPI
하이스틸,071090,071090.KS,KOSPI
하이트진로,000080,000080.KS,KOSPI
하이트진로2우B,000087,000087.KS,KOSPI
하이트진로홀딩스,000140,000140.KS,KOSPI
하이트진로홀딩스우,000145,000145.KS,KOSPI
한국ANKOR유전,152550,152550.KS,KOSPI
한국가스공사,036460,036460.KS,KOSPI
한국공항,005430,005430.KS,KOSPI
한국금융지주,071050,071050.KS,KOSPI
한국금융지주우,071055,071055.KS,KOSPI
한국내화,010040,010040.KS,KOSPI
한국단자,025540,025540.KS,KOSPI
한국무브넥스,010100,010100.KS,KOSPI
한국석유,004090,004090.KS,KOSPI
한국수출포장,002200,002200.KS,KOSPI
한국쉘석유,002960,002960.KS,KOSPI
한국앤컴퍼니,000240,000240.KS,KOSPI
한국자산신탁,123890,123890.KS,KOSPI
한국전력,015760,015760.KS,KOSPI
한국전자홀딩스,006200,006200.KS,KOSPI
한국제지,027970,027970.KS,KOSPI
한국종합기술,023350,023350.KS,KOSPI
한국주강,025890,025890.KS,KOSPI
한국주철관,000970,000970.KS,KOSPI
한국철강,104700,104700.KS,KOSPI
한국카본,017960,017960.KS,KOSPI
한국콜마,161890,161890.KS,KOSPI
한국타이어앤테크놀로지,161390,161390.KS,KOSPI
한국토지신탁,034830,034830.KS,KOSPI
한국특강,007280,007280.KS,KOSPI
한국항공우주,047810,047810.KS,KOSPI
한국화장품,123690,123690.KS,KOSPI
한국화장품제조,003350,003350.KS,KOSPI
한농화성,011500,011500.KS,KOSPI
한독,002390,002390.KS,KOSPI
한미글로벌,053690,053690.KS,KOSPI
한미반도체,042700,042700.KS,KOSPI
한미사이언스,008930,008930.KS,KOSPI
한미약품,128940,128940.KS,KOSPI
한샘,009240,009240.KS,KOSPI
한섬,020000,020000.KS,KOSPI
한성기업,003680,003680.KS,KOSPI
한세실업,105630,105630.KS,KOSPI
한세엠케이,069640,069640.KS,KOSPI
한세예스24홀딩스,016450,016450.KS,KOSPI
한솔로지스틱스,009180,009180.KS,KOSPI
한솔제지,213500,213500.KS,KOSPI
한솔케미칼,014680,014680.KS,KOSPI
한솔테크닉스,004710,004710.KS,KOSPI
한솔홀딩스,004150,004150.KS,KOSPI
한솔홈데코,025750,025750.KS,KOSPI
한신공영,004960,004960.KS,KOSPI
한신기계,011700,011700.KS,KOSPI
한양증권,001750,001750.KS,KOSPI
한양증권우,001755,001755.KS,KOSPI
한온시스템,018880,018880.KS,KOSPI
한올바이오파마,009420,009420.KS,KOSPI
한익스프레스,014130,014130.KS,KOSPI
한일시멘트,300720,300720.KS,KOSPI
한일철강,002220,002220.KS,KOSPI
한일홀딩스,003300,003300.KS,KOSPI
한전KPS,051600,051600.KS,KOSPI
한전기술,052690,052690.KS,KOSPI
한전산업,130660,130660.KS,KOSPI
한진,002320,002320.KS,KOSPI
한진중공업홀딩스,003480,003480.KS,KOSPI
한진칼,180640,180640.KS,KOSPI
한진칼우,18064K,18064K.KS,KOSPI
한창,005110,005110.KS,KOSPI
한창제지,009460,009460.KS,KOSPI
한컴라이프케어,372910,372910.KS,KOSPI
한화,000880,000880.KS,KOSPI
한화3우B,00088K,00088K.KS,KOSPI
한화갤러리아,452260,452260.KS,KOSPI
한화갤러리아우,45226K,45226K.KS,KOSPI
한화리츠,451800,451800.KS,KOSPI
한화비전,489790,489790.KS,KOSPI
한화생명,088350,088350.KS,KOSPI
한화손해보험,000370,000370.KS,KOSPI
한화솔루션,009830,009830.KS,KOSPI
한화솔루션우,009835,009835.KS,KOSPI
한화시스템,272210,272210.KS,KOSPI
한화에어로스페이스,012450,012450.KS,KOSPI
한화엔진,082740,082740.KS,KOSPI
한화오션,042660,042660.KS,KOSPI
한화투자증권,003530,003530.KS,KOSPI
한화투자증권우,003535,003535.KS,KOSPI
해성디에스,195870,195870.KS,KOSPI
해태제과식품,101530,101530.KS,KOSPI
핸즈코퍼레이션,143210,143210.KS,KOSPI
현대건설,000720,000720.KS,KOSPI
현대건설우,000725,000725.KS,KOSPI
현대그린푸드,453340,453340.KS,KOSPI
현대글로비스,086280,086280.KS,KOSPI
현대로템,064350,064350.KS,KOSPI
현대리바트,079430,079430.KS,KOSPI
현대모비스,012330,012330.KS,KOSPI
현대백화점,069960,069960.KS,KOSPI
현대비앤지스틸,004560,004560.KS,KOSPI
현대약품,004310,004310.KS,KOSPI
현대엘리베이터,017800,017800.KS,KOSPI
현대오토에버,307950,307950.KS,KOSPI
현대위아,011210,011210.KS,KOSPI
현대제철,004020,004020.KS,KOSPI
현대지에프홀딩스,005440,005440.KS,KOSPI
현대차,005380,005380.KS,KOSPI
현대차2우B,005387,005387.KS,KOSPI
현대차3우B,005389,005389.KS,KOSPI
현대차우,005385,005385.KS,KOSPI
현대차증권,001500,001500.KS,KOSPI
현대코퍼레이션,011760,011760.KS,KOSPI
현대코퍼레이션홀딩스,227840,227840.KS,KOSPI
현대퓨처넷,126560,126560.KS,KOSPI
현대해상,001450,001450.KS,KOSPI
현대홈쇼핑,057050,057050.KS,KOSPI
형지엘리트,093240,093240.KS,KOSPI
혜인,003010,003010.KS,KOSPI
호전실업,111110,111110.KS,KOSPI
호텔신라,008770,008770.KS,KOSPI
호텔신라우,008775,008775.KS,KOSPI
화승알앤에이,378850,378850.KS,KOSPI
화승엔터프라이즈,241590,241590.KS,KOSPI
화승인더,006060,006060.KS,KOSPI
화승코퍼레이션,013520,013520.KS,KOSPI
화신,010690,010690.KS,KOSPI
화인베스틸,133820,133820.KS,KOSPI
화천기계,010660,010660.KS,KOSPI
화천기공,000850,000850.KS,KOSPI
환인제약,016580,016580.KS,KOSPI
황금에스티,032560,032560.KS,KOSPI
효성,004800,004800.KS,KOSPI
효성ITX,094280,094280.KS,KOSPI
효성중공업,298040,298040.KS,KOSPI
효성티앤씨,298020,298020.KS,KOSPI
효성화학,298000,298000.KS,KOSPI
후성,093370,093370.KS,KOSPI
휴니드,005870,005870.KS,KOSPI
휴비스,079980,079980.KS,KOSPI
휴스틸,005010,005010.KS,KOSPI
흥국화재,000540,000540.KS,KOSPI
흥국화재우,000545,000545.KS,KOSPI
흥아해운,003280,003280.KS,KOSPI
